"match_id","season","date","city","venue","team1","team2","toss_winner","toss_decision","winner","team1_runs","team2_runs","team1_wickets","umpire1","umpire2"
1,2008,"2008-03-24",NA,"Eden Gardens","Mumbai Indians","Kolkata Knight Riders","Kolkata Knight Riders","field","Kolkata Knight Riders",123,188,4,"Umpire_08","Umpire_04"
2,2008,"2008-03-26","Mohali","PCA Stadium Mohali","Kolkata Knight Riders","Punjab Kings","Punjab Kings","bat","Punjab Kings",162,165,6,"Umpire_04","Umpire_09"
3,2008,"2008-03-29","Delhi","Arun Jaitley Stadium","Delhi Capitals","Kolkata Knight Riders","Kolkata Knight Riders","field","Delhi Capitals",161,136,5,"Umpire_06","Umpire_04"
4,2008,"2008-03-31","Hyderabad","Rajiv Gandhi Stadium","Chennai Super Kings","Sunrisers Hyderabad","Chennai Super Kings","field","Sunrisers Hyderabad",155,177,7,"Umpire_03","Umpire_09"
5,2008,"2008-04-02","Bengaluru","M Chinnaswamy Stadium","Chennai Super Kings","Royal Challengers Bangalore","Chennai Super Kings","field","Royal Challengers Bangalore",175,183,4,"Umpire_04","Umpire_14"
6,2008,"2008-04-05",NA,"Sawai Mansingh Stadium","Chennai Super Kings","Punjab Kings","Chennai Super Kings","bat","Chennai Super Kings",175,138,2,"Umpire_13","Umpire_14"
7,2008,"2008-04-07","Chennai","MA Chidambaram Stadium","Rajasthan Royals","Kolkata Knight Riders","Kolkata Knight Riders","field","Kolkata Knight Riders",165,234,5,"Umpire_08","Umpire_04"
8,2008,"2008-04-09","Hyderabad","Rajiv Gandhi Stadium","Sunrisers Hyderabad","Rajasthan Royals","Sunrisers Hyderabad","field","Sunrisers Hyderabad",175,170,3,"Umpire_10","Umpire_02"
9,2008,"2008-04-12",NA,"M Chinnaswamy Stadium","Chennai Super Kings","Royal Challengers Bangalore","Chennai Super Kings","field","Chennai Super Kings",190,141,1,"Umpire_10","Umpire_05"
10,2008,"2008-04-14","Kolkata","Eden Gardens","Kolkata Knight Riders","Delhi Capitals","Kolkata Knight Riders","field","Delhi Capitals",162,186,7,"Umpire_05","Umpire_02"
11,2008,"2008-04-16","Mumbai","Wankhede Stadium","Mumbai Indians","Delhi Capitals","Mumbai Indians","field","Mumbai Indians",143,142,5,"Umpire_10","Umpire_05"
12,2008,"2008-04-19","Delhi","Arun Jaitley Stadium","Delhi Capitals","Royal Challengers Bangalore","Delhi Capitals","field","Delhi Capitals",176,140,5,"Umpire_05","Umpire_04"
13,2008,"2008-04-21","Mumbai","Wankhede Stadium","Mumbai Indians","Kolkata Knight Riders","Kolkata Knight Riders","bat","Mumbai Indians",167,153,1,"Umpire_08","Umpire_11"
14,2008,"2008-04-24","Jaipur","Sawai Mansingh Stadium","Kolkata Knight Riders","Chennai Super Kings","Kolkata Knight Riders","bat","Chennai Super Kings",161,162,7,"Umpire_01","Umpire_09"
15,2008,"2008-04-26","Kolkata","Eden Gardens","Kolkata Knight Riders","Mumbai Indians","Mumbai Indians","field","Kolkata Knight Riders",179,155,4,"Umpire_15","Umpire_09"
16,2008,"2008-04-28","Chennai","MA Chidambaram Stadium","Chennai Super Kings","Punjab Kings","Punjab Kings","field","Chennai Super Kings",180,142,3,"Umpire_05","Umpire_14"
17,2008,"2008-05-01","Jaipur","Sawai Mansingh Stadium","Mumbai Indians","Rajasthan Royals","Rajasthan Royals","bat","Rajasthan Royals",184,187,6,"Umpire_03","Umpire_05"
18,2008,"2008-05-03","Kolkata","Eden Gardens","Rajasthan Royals","Kolkata Knight Riders","Rajasthan Royals","field","Kolkata Knight Riders",195,221,10,"Umpire_07","Umpire_07"
19,2008,"2008-05-05","Chennai","MA Chidambaram Stadium","Sunrisers Hyderabad","Chennai Super Kings","Sunrisers Hyderabad","field","Sunrisers Hyderabad",206,168,6,"Umpire_02","Umpire_15"
20,2008,"2008-05-08","Kolkata","Eden Gardens","Kolkata Knight Riders","Sunrisers Hyderabad","Kolkata Knight Riders","field","Kolkata Knight Riders",216,195,5,"Umpire_02","Umpire_12"
21,2008,"2008-05-10","Chennai","MA Chidambaram Stadium","Chennai Super Kings","Delhi Capitals","Chennai Super Kings","bat","Delhi Capitals",172,184,5,"Umpire_05","Umpire_10"
22,2008,"2008-05-12","Jaipur","Sawai Mansingh Stadium","Sunrisers Hyderabad","Kolkata Knight Riders","Sunrisers Hyderabad","bat","Kolkata Knight Riders",125,176,8,"Umpire_14","Umpire_10"
23,2008,"2008-05-15","Mumbai","Wankhede Stadium","Chennai Super Kings","Mumbai Indians","Mumbai Indians","bat","Mumbai Indians",147,161,5,"Umpire_11","Umpire_05"
24,2008,"2008-05-17","Mohali","PCA Stadium Mohali","Punjab Kings","Mumbai Indians","Mumbai Indians","bat","Punjab Kings",172,133,3,"Umpire_15","Umpire_05"
25,2008,"2008-05-19","Kolkata","Eden Gardens","Delhi Capitals","Royal Challengers Bangalore","Royal Challengers Bangalore","field","Delhi Capitals",222,218,3,"Umpire_03","Umpire_15"
26,2008,"2008-05-22","Hyderabad","Rajiv Gandhi Stadium","Punjab Kings","Mumbai Indians","Mumbai Indians","field","Mumbai Indians",154,192,6,"Umpire_07","Umpire_15"
27,2008,"2008-05-24","Mohali","PCA Stadium Mohali","Sunrisers Hyderabad","Punjab Kings","Punjab Kings","field","Punjab Kings",164,180,7,"Umpire_12","Umpire_08"
28,2008,"2008-05-27","Jaipur","Sawai Mansingh Stadium","Rajasthan Royals","Royal Challengers Bangalore","Royal Challengers Bangalore","field","Rajasthan Royals",153,135,4,"Umpire_14","Umpire_01"
29,2009,"2009-03-24","Kolkata","Eden Gardens","Chennai Super Kings","Rajasthan Royals","Chennai Super Kings","bat","Chennai Super Kings",210,148,4,"Umpire_07","Umpire_06"
30,2009,"2009-03-26","Hyderabad","Rajiv Gandhi Stadium","Mumbai Indians","Kolkata Knight Riders","Kolkata Knight Riders","field","Mumbai Indians",191,162,1,"Umpire_10","Umpire_14"
31,2009,"2009-03-29","Chennai","MA Chidambaram Stadium","Chennai Super Kings","Sunrisers Hyderabad","Chennai Super Kings","field","Sunrisers Hyderabad",160,163,8,"Umpire_11","Umpire_15"
32,2009,"2009-03-31","Hyderabad","Rajiv Gandhi Stadium","Mumbai Indians","Sunrisers Hyderabad","Sunrisers Hyderabad","field","Sunrisers Hyderabad",157,170,6,"Umpire_13","Umpire_08"
33,2009,"2009-04-02","Bengaluru","M Chinnaswamy Stadium","Kolkata Knight Riders","Royal Challengers Bangalore","Royal Challengers Bangalore","bat","Kolkata Knight Riders",185,171,4,"Umpire_02","Umpire_06"
34,2009,"2009-04-05","Mohali","PCA Stadium Mohali","Punjab Kings","Sunrisers Hyderabad","Sunrisers Hyderabad","bat","Punjab Kings",173,119,2,"Umpire_14","Umpire_12"
35,2009,"2009-04-07","Chennai","MA Chidambaram Stadium","Mumbai Indians","Sunrisers Hyderabad","Mumbai Indians","field","Sunrisers Hyderabad",110,175,4,"Umpire_15","Umpire_13"
36,2009,"2009-04-09","Hyderabad","Rajiv Gandhi Stadium","Sunrisers Hyderabad","Royal Challengers Bangalore","Royal Challengers Bangalore","bat","Sunrisers Hyderabad",181,155,4,"Umpire_10","Umpire_11"
37,2009,"2009-04-12","Mumbai","Wankhede Stadium","Mumbai Indians","Royal Challengers Bangalore","Mumbai Indians","bat","Mumbai Indians",166,137,5,"Umpire_02","Umpire_03"
38,2009,"2009-04-14","Mohali","PCA Stadium Mohali","Punjab Kings","Rajasthan Royals","Punjab Kings","bat","Rajasthan Royals",159,168,6,"Umpire_12","Umpire_08"
39,2009,"2009-04-16","Dubai","Dubai International Stadium","Chennai Super Kings","Punjab Kings","Chennai Super Kings","field","Chennai Super Kings",190,172,5,"Umpire_10","Umpire_01"
40,2009,"2009-04-19","Dubai","Dubai International Stadium","Chennai Super Kings","Royal Challengers Bangalore","Royal Challengers Bangalore","field","Royal Challengers Bangalore",144,207,8,"Umpire_03","Umpire_01"
41,2009,"2009-04-21","Jaipur","Sawai Mansingh Stadium","Rajasthan Royals","Sunrisers Hyderabad","Rajasthan Royals","field","Rajasthan Royals",167,154,3,"Umpire_13","Umpire_08"
42,2009,"2009-04-24","Delhi","Arun Jaitley Stadium","Royal Challengers Bangalore","Delhi Capitals","Delhi Capitals","field","Delhi Capitals",143,174,NA,"Umpire_12","Umpire_04"
43,2009,"2009-04-26","Kolkata","Eden Gardens","Punjab Kings","Rajasthan Royals","Punjab Kings","bat","Punjab Kings",163,144,2,"Umpire_15","Umpire_06"
44,2009,"2009-04-28","Bengaluru","M Chinnaswamy Stadium","Chennai Super Kings","Royal Challengers Bangalore","Chennai Super Kings","field","Royal Challengers Bangalore",171,181,4,"Umpire_09","Umpire_05"
45,2009,"2009-05-01","Chennai","MA Chidambaram Stadium","Kolkata Knight Riders","Mumbai Indians","Mumbai Indians","field","Mumbai Indians",163,165,3,"Umpire_03","Umpire_05"
46,2009,"2009-05-03","Mumbai","Wankhede Stadium","Punjab Kings","Delhi Capitals","Punjab Kings","field","Delhi Capitals",169,202,9,"Umpire_07","Umpire_01"
47,2009,"2009-05-05","Bengaluru","M Chinnaswamy Stadium","Royal Challengers Bangalore","Rajasthan Royals","Royal Challengers Bangalore","field","Rajasthan Royals",184,188,4,"Umpire_14","Umpire_03"
48,2009,"2009-05-08","Hyderabad","Rajiv Gandhi Stadium","Sunrisers Hyderabad","Punjab Kings","Sunrisers Hyderabad","field","Sunrisers Hyderabad",212,164,4,"Umpire_08","Umpire_05"
49,2009,"2009-05-10","Jaipur","Sawai Mansingh Stadium","Rajasthan Royals","Mumbai Indians","Rajasthan Royals","field","Rajasthan Royals",175,166,6,"Umpire_07","Umpire_02"
50,2009,"2009-05-12","Chennai","MA Chidambaram Stadium","Sunrisers Hyderabad","Chennai Super Kings","Chennai Super Kings","bat","Sunrisers Hyderabad",170,144,1,"Umpire_04","Umpire_14"
51,2009,"2009-05-15","Jaipur","Sawai Mansingh Stadium","Punjab Kings","Kolkata Knight Riders","Kolkata Knight Riders","bat","Punjab Kings",160,142,4,"Umpire_12","Umpire_08"
52,2009,"2009-05-17","Delhi","Arun Jaitley Stadium","Mumbai Indians","Punjab Kings","Mumbai Indians","bat","Mumbai Indians",163,162,2,"Umpire_14","Umpire_11"
53,2009,"2009-05-19","Delhi","Arun Jaitley Stadium","Delhi Capitals","Kolkata Knight Riders","Kolkata Knight Riders","bat","Kolkata Knight Riders",166,173,6,"Umpire_15","Umpire_05"
54,2009,"2009-05-22","Mohali","PCA Stadium Mohali","Kolkata Knight Riders","Punjab Kings","Kolkata Knight Riders","field","Kolkata Knight Riders",173,166,4,"Umpire_02","Umpire_01"
55,2009,"2009-05-24","Bengaluru","M Chinnaswamy Stadium","Delhi Capitals","Royal Challengers Bangalore","Royal Challengers Bangalore","bat","Delhi Capitals",195,141,4,"Umpire_12","Umpire_02"
56,2009,"2009-05-27","Mohali","PCA Stadium Mohali","Royal Challengers Bangalore","Kolkata Knight Riders","Royal Challengers Bangalore","field","Kolkata Knight Riders",197,209,5,"Umpire_09",NA
57,2010,"2010-03-24","Kolkata","Eden Gardens","Kolkata Knight Riders","Punjab Kings","Punjab Kings","field","Kolkata Knight Riders",168,122,3,"Umpire_05","Umpire_02"
58,2010,"2010-03-26","Jaipur","Sawai Mansingh Stadium","Rajasthan Royals","Royal Challengers Bangalore","Royal Challengers Bangalore","field","Royal Challengers Bangalore",126,179,5,"Umpire_09","Umpire_12"
59,2010,"2010-03-29","Bengaluru","M Chinnaswamy Stadium","Kolkata Knight Riders","Rajasthan Royals","Rajasthan Royals","bat","Rajasthan Royals",149,163,7,"Umpire_13","Umpire_14"
60,2010,"2010-03-31","Jaipur","Sawai Mansingh Stadium","Delhi Capitals","Rajasthan Royals","Rajasthan Royals","field","Delhi Capitals",182,157,3,"Umpire_14","Umpire_12"
61,2010,"2010-04-02","Mohali","PCA Stadium Mohali","Punjab Kings","Chennai Super Kings","Punjab Kings","field","Chennai Super Kings",170,178,5,"Umpire_08","Umpire_06"
62,2010,"2010-04-05","Mumbai","Wankhede Stadium","Sunrisers Hyderabad","Mumbai Indians","Mumbai Indians","field","Mumbai Indians",121,163,7,"Umpire_04","Umpire_03"
63,2010,"2010-04-07","Mumbai","Wankhede Stadium","Punjab Kings","Rajasthan Royals","Rajasthan Royals","bat","Punjab Kings",196,144,4,"Umpire_04","Umpire_06"
64,2010,"2010-04-09","Jaipur","Sawai Mansingh Stadium","Royal Challengers Bangalore","Rajasthan Royals","Rajasthan Royals","field","Rajasthan Royals",195,206,5,"Umpire_14","Umpire_04"
65,2010,"2010-04-12","Mohali","PCA Stadium Mohali","Punjab Kings","Kolkata Knight Riders","Kolkata Knight Riders","field","Kolkata Knight Riders",180,202,5,"Umpire_02","Umpire_04"
66,2010,"2010-04-14","Chennai","MA Chidambaram Stadium","Chennai Super Kings","Royal Challengers Bangalore","Chennai Super Kings","bat","Royal Challengers Bangalore",177,178,7,"Umpire_06","Umpire_01"
67,2010,"2010-04-16","Kolkata","Eden Gardens","Kolkata Knight Riders","Rajasthan Royals","Kolkata Knight Riders","field","Kolkata Knight Riders",198,179,3,"Umpire_03","Umpire_10"
68,2010,"2010-04-19","Hyderabad","Rajiv Gandhi Stadium","Sunrisers Hyderabad","Chennai Super Kings","Chennai Super Kings","field","Sunrisers Hyderabad",210,172,2,"Umpire_01","Umpire_14"
69,2010,"2010-04-21","Kolkata","Eden Gardens","Kolkata Knight Riders","Chennai Super Kings","Chennai Super Kings","bat","Chennai Super Kings",156,202,5,"Umpire_11","Umpire_06"
70,2010,"2010-04-24",NA,"Rajiv Gandhi Stadium","Rajasthan Royals","Sunrisers Hyderabad","Sunrisers Hyderabad","field","Sunrisers Hyderabad",148,185,6,"Umpire_01","Umpire_03"
71,2010,"2010-04-26","Chennai","MA Chidambaram Stadium","Chennai Super Kings","Rajasthan Royals","Rajasthan Royals","field","Rajasthan Royals",138,141,7,"Umpire_06","Umpire_10"
72,2010,"2010-04-28","Mohali","PCA Stadium Mohali","Punjab Kings","Rajasthan Royals","Rajasthan Royals","bat","Rajasthan Royals",111,161,6,"Umpire_02","Umpire_03"
73,2010,"2010-05-01","Dubai","Dubai International Stadium","Sunrisers Hyderabad","Mumbai Indians","Sunrisers Hyderabad","field","Sunrisers Hyderabad",167,160,1,"Umpire_15","Umpire_05"
74,2010,"2010-05-03","Delhi","Arun Jaitley Stadium","Royal Challengers Bangalore","Delhi Capitals","Delhi Capitals","field","Royal Challengers Bangalore",218,187,4,"Umpire_12","Umpire_13"
75,2010,"2010-05-05","Chennai","MA Chidambaram Stadium","Chennai Super Kings","Punjab Kings","Chennai Super Kings","field","Chennai Super Kings",187,164,2,"Umpire_08","Umpire_04"
76,2010,"2010-05-08","Hyderabad","Rajiv Gandhi Stadium","Sunrisers Hyderabad","Kolkata Knight Riders","Kolkata Knight Riders","field","Sunrisers Hyderabad",161,131,5,"Umpire_06","Umpire_03"
77,2010,"2010-05-10","Kolkata","Eden Gardens","Kolkata Knight Riders","Rajasthan Royals","Rajasthan Royals","field","Kolkata Knight Riders",157,155,6,"Umpire_10","Umpire_13"
78,2010,"2010-05-12","Jaipur","Sawai Mansingh Stadium","Rajasthan Royals","Punjab Kings","Rajasthan Royals","field","Rajasthan Royals",190,123,3,"Umpire_15","Umpire_11"
79,2010,"2010-05-15","Jaipur","Sawai Mansingh Stadium","Rajasthan Royals","Mumbai Indians","Rajasthan Royals","field","Mumbai Indians",161,164,6,"Umpire_06","Umpire_05"
80,2010,"2010-05-17","Kolkata","Eden Gardens","Kolkata Knight Riders","Royal Challengers Bangalore","Royal Challengers Bangalore","field","Kolkata Knight Riders",179,152,3,"Umpire_06","Umpire_02"
81,2010,"2010-05-19","Mumbai","Wankhede Stadium","Mumbai Indians","Kolkata Knight Riders","Mumbai Indians","field","Mumbai Indians",159,151,3,"Umpire_05","Umpire_05"
82,2010,"2010-05-22","Chennai","MA Chidambaram Stadium","Chennai Super Kings","Punjab Kings","Punjab Kings","field","Punjab Kings",175,179,6,"Umpire_09","Umpire_01"
83,2010,"2010-05-24","Mumbai","Wankhede Stadium","Kolkata Knight Riders","Mumbai Indians","Mumbai Indians","field","Kolkata Knight Riders",161,142,5,"Umpire_13","Umpire_11"
84,2010,"2010-05-27","Mumbai","Wankhede Stadium","Rajasthan Royals","Mumbai Indians","Mumbai Indians","field","Mumbai Indians",205,206,8,"Umpire_03","Umpire_14"
85,2011,"2011-03-24","Bengaluru","M Chinnaswamy Stadium","Rajasthan Royals","Mumbai Indians","Mumbai Indians","bat","Rajasthan Royals",166,163,4,"Umpire_12","Umpire_02"
86,2011,"2011-03-26","Mohali","PCA Stadium Mohali","Punjab Kings","Sunrisers Hyderabad","Sunrisers Hyderabad","field","Sunrisers Hyderabad",146,160,8,"Umpire_14","Umpire_05"
87,2011,"2011-03-29","Hyderabad","Rajiv Gandhi Stadium","Mumbai Indians","Sunrisers Hyderabad","Sunrisers Hyderabad","field","Mumbai Indians",200,168,4,"Umpire_13","Umpire_09"
88,2011,"2011-03-31","Hyderabad","Rajiv Gandhi Stadium","Sunrisers Hyderabad","Rajasthan Royals","Rajasthan Royals","field","Sunrisers Hyderabad",192,146,4,"Umpire_03","Umpire_15"
89,2011,"2011-04-02","Jaipur","Sawai Mansingh Stadium","Delhi Capitals","Rajasthan Royals","Delhi Capitals","bat","Rajasthan Royals",141,205,8,"Umpire_09","Umpire_10"
90,2011,"2011-04-05","Mohali","PCA Stadium Mohali","Royal Challengers Bangalore","Punjab Kings","Punjab Kings","bat","Punjab Kings",137,170,7,"Umpire_04","Umpire_15"
91,2011,"2011-04-07","Delhi","Arun Jaitley Stadium","Punjab Kings","Delhi Capitals","Delhi Capitals","field","Delhi Capitals",108,177,4,"Umpire_12","Umpire_03"
92,2011,"2011-04-09","Chennai","MA Chidambaram Stadium","Sunrisers Hyderabad","Chennai Super Kings","Chennai Super Kings","bat","Sunrisers Hyderabad",199,169,5,"Umpire_04","Umpire_07"
93,2011,"2011-04-12","Mumbai","Wankhede Stadium","Mumbai Indians","Delhi Capitals","Delhi Capitals","field","Delhi Capitals",159,184,7,"Umpire_04","Umpire_13"
94,2011,"2011-04-14","Bengaluru","M Chinnaswamy Stadium","Royal Challengers Bangalore","Mumbai Indians","Mumbai Indians","bat","Mumbai Indians",171,184,7,"Umpire_06","Umpire_03"
95,2011,"2011-04-16","Mumbai","Wankhede Stadium","Kolkata Knight Riders","Rajasthan Royals","Rajasthan Royals","field","Rajasthan Royals",168,180,6,"Umpire_11","Umpire_07"
96,2011,"2011-04-19","Mumbai","Wankhede Stadium","Sunrisers Hyderabad","Mumbai Indians","Sunrisers Hyderabad","field","Mumbai Indians",191,236,NA,"Umpire_14","Umpire_06"
97,2011,"2011-04-21","Mohali","PCA Stadium Mohali","Kolkata Knight Riders","Sunrisers Hyderabad","Kolkata Knight Riders","bat","Kolkata Knight Riders",198,146,4,"Umpire_08","Umpire_03"
98,2011,"2011-04-24","Mohali","PCA Stadium Mohali","Delhi Capitals","Mumbai Indians","Mumbai Indians","field","Mumbai Indians",201,220,8,"Umpire_14","Umpire_11"
99,2011,"2011-04-26","Mohali","PCA Stadium Mohali","Mumbai Indians","Punjab Kings","Punjab Kings","field","Punjab Kings",160,187,9,"Umpire_02","Umpire_14"
100,2011,"2011-04-28","Bengaluru","M Chinnaswamy Stadium","Rajasthan Royals","Punjab Kings","Rajasthan Royals","bat","Rajasthan Royals",184,170,3,"Umpire_13","Umpire_06"
101,2011,"2011-05-01","Mohali","PCA Stadium Mohali","Rajasthan Royals","Punjab Kings","Punjab Kings","field","Rajasthan Royals",181,145,5,"Umpire_12","Umpire_03"
102,2011,"2011-05-03","Bengaluru","M Chinnaswamy Stadium","Rajasthan Royals","Royal Challengers Bangalore","Rajasthan Royals","field","Royal Challengers Bangalore",159,170,6,"Umpire_06","Umpire_15"
103,2011,"2011-05-05","Kolkata","Eden Gardens","Rajasthan Royals","Kolkata Knight Riders","Rajasthan Royals","field","Kolkata Knight Riders",152,172,8,"Umpire_10","Umpire_07"
104,2011,"2011-05-08","Mumbai","Wankhede Stadium","Mumbai Indians","Punjab Kings","Mumbai Indians","field","Punjab Kings",137,154,6,"Umpire_02","Umpire_13"
105,2011,"2011-05-10","Mohali","PCA Stadium Mohali","Delhi Capitals","Mumbai Indians","Delhi Capitals","field","Delhi Capitals",192,169,3,"Umpire_05","Umpire_08"
106,2011,"2011-05-12","Mohali","PCA Stadium Mohali","Sunrisers Hyderabad","Rajasthan Royals","Sunrisers Hyderabad","field","Sunrisers Hyderabad",168,154,1,"Umpire_09","Umpire_13"
107,2011,"2011-05-15","Bengaluru","M Chinnaswamy Stadium","Sunrisers Hyderabad","Royal Challengers Bangalore","Sunrisers Hyderabad","bat","Royal Challengers Bangalore",152,159,4,"Umpire_15","Umpire_08"
108,2011,"2011-05-17","Mohali","PCA Stadium Mohali","Royal Challengers Bangalore","Punjab Kings","Royal Challengers Bangalore","field","Punjab Kings",155,160,7,"Umpire_15","Umpire_15"
109,2011,"2011-05-19","Delhi","Arun Jaitley Stadium","Rajasthan Royals","Delhi Capitals","Delhi Capitals","field","Rajasthan Royals",155,132,4,"Umpire_02","Umpire_04"
110,2011,"2011-05-22","Kolkata","Eden Gardens","Royal Challengers Bangalore","Kolkata Knight Riders","Kolkata Knight Riders","field","Kolkata Knight Riders",174,176,7,"Umpire_15","Umpire_07"
111,2011,"2011-05-24","Kolkata","Eden Gardens","Punjab Kings","Kolkata Knight Riders","Kolkata Knight Riders","field","Kolkata Knight Riders",194,195,8,"Umpire_09","Umpire_11"
112,2011,"2011-05-27","Mohali","PCA Stadium Mohali","Kolkata Knight Riders","Punjab Kings","Kolkata Knight Riders","field","Punjab Kings",138,226,9,"Umpire_04","Umpire_11"
113,2012,"2012-03-24","Jaipur","Sawai Mansingh Stadium","Rajasthan Royals","Kolkata Knight Riders","Kolkata Knight Riders","field","Kolkata Knight Riders",172,198,8,"Umpire_06","Umpire_13"
114,2012,"2012-03-26","Mumbai","Wankhede Stadium","Royal Challengers Bangalore","Mumbai Indians","Mumbai Indians","field","Mumbai Indians",176,225,6,"Umpire_15","Umpire_05"
115,2012,"2012-03-29","Mohali","PCA Stadium Mohali","Punjab Kings","Mumbai Indians","Punjab Kings","bat","Punjab Kings",181,125,1,"Umpire_10","Umpire_11"
116,2012,"2012-03-31","Delhi","Arun Jaitley Stadium","Mumbai Indians","Delhi Capitals","Delhi Capitals","bat","Delhi Capitals",150,191,9,"Umpire_06","Umpire_14"
117,2012,"2012-04-02","Kolkata","Eden Gardens","Delhi Capitals","Royal Challengers Bangalore","Royal Challengers Bangalore","field","Delhi Capitals",190,133,2,"Umpire_06","Umpire_10"
118,2012,"2012-04-05","Jaipur","Sawai Mansingh Stadium","Chennai Super Kings","Delhi Capitals","Chennai Super Kings","field","Chennai Super Kings",224,150,1,"Umpire_06","Umpire_03"
119,2012,"2012-04-07","Bengaluru","M Chinnaswamy Stadium","Royal Challengers Bangalore","Punjab Kings","Royal Challengers Bangalore","field","Punjab Kings",169,205,8,"Umpire_12","Umpire_01"
120,2012,"2012-04-09","Kolkata","Eden Gardens","Kolkata Knight Riders","Delhi Capitals","Delhi Capitals","field","Kolkata Knight Riders",181,142,1,"Umpire_04","Umpire_06"
121,2012,"2012-04-12","Delhi","Arun Jaitley Stadium","Delhi Capitals","Rajasthan Royals","Rajasthan Royals","field","Rajasthan Royals",148,157,7,"Umpire_05","Umpire_14"
122,2012,"2012-04-14","Mohali","PCA Stadium Mohali","Kolkata Knight Riders","Chennai Super Kings","Kolkata Knight Riders","field","Chennai Super Kings",179,182,7,"Umpire_05","Umpire_13"
123,2012,"2012-04-16","Mohali","PCA Stadium Mohali","Punjab Kings","Rajasthan Royals","Punjab Kings","field","Punjab Kings",172,166,1,"Umpire_13","Umpire_06"
124,2012,"2012-04-19","Mohali","PCA Stadium Mohali","Royal Challengers Bangalore","Punjab Kings","Royal Challengers Bangalore","field","Punjab Kings",151,156,6,"Umpire_09","Umpire_12"
125,2012,"2012-04-21","Bengaluru","M Chinnaswamy Stadium","Mumbai Indians","Royal Challengers Bangalore","Royal Challengers Bangalore","field","Mumbai Indians",173,163,4,"Umpire_06","Umpire_15"
126,2012,"2012-04-24","Mohali","PCA Stadium Mohali","Punjab Kings","Kolkata Knight Riders","Kolkata Knight Riders","field","Kolkata Knight Riders",172,192,8,"Umpire_13","Umpire_12"
127,2012,"2012-04-26","Kolkata","Eden Gardens","Kolkata Knight Riders","Mumbai Indians","Mumbai Indians","field","Kolkata Knight Riders",188,163,4,"Umpire_06","Umpire_03"
128,2012,"2012-04-28","Mumbai","Wankhede Stadium","Rajasthan Royals","Kolkata Knight Riders","Rajasthan Royals","field","Rajasthan Royals",252,135,6,"Umpire_08","Umpire_11"
129,2012,"2012-05-01","Chennai","MA Chidambaram Stadium","Sunrisers Hyderabad","Chennai Super Kings","Sunrisers Hyderabad","field","Sunrisers Hyderabad",185,150,4,"Umpire_12","Umpire_04"
130,2012,"2012-05-03","Chennai","MA Chidambaram Stadium","Royal Challengers Bangalore","Mumbai Indians","Royal Challengers Bangalore","field","Royal Challengers Bangalore",205,193,3,"Umpire_04","Umpire_05"
131,2012,"2012-05-05","Bengaluru","M Chinnaswamy Stadium","Kolkata Knight Riders","Mumbai Indians","Mumbai Indians","field","Mumbai Indians",139,171,7,"Umpire_05","Umpire_15"
132,2012,"2012-05-08","Kolkata","Eden Gardens","Kolkata Knight Riders","Chennai Super Kings","Kolkata Knight Riders","field","Kolkata Knight Riders",185,170,1,"Umpire_02","Umpire_12"
133,2012,"2012-05-10","Jaipur","Sawai Mansingh Stadium","Rajasthan Royals","Punjab Kings","Rajasthan Royals","field","Rajasthan Royals",165,164,4,"Umpire_11","Umpire_03"
134,2012,"2012-05-12","Mumbai","Wankhede Stadium","Mumbai Indians","Punjab Kings","Mumbai Indians","field","Mumbai Indians",171,156,2,"Umpire_08","Umpire_01"
135,2012,"2012-05-15","Jaipur","Sawai Mansingh Stadium","Rajasthan Royals","Punjab Kings","Rajasthan Royals","field","Rajasthan Royals",202,159,4,"Umpire_04","Umpire_01"
136,2012,"2012-05-17","Chennai","MA Chidambaram Stadium","Punjab Kings","Chennai Super Kings","Punjab Kings","bat","Punjab Kings",219,182,6,"Umpire_01","Umpire_07"
137,2012,"2012-05-19","Chennai","MA Chidambaram Stadium","Punjab Kings","Mumbai Indians","Mumbai Indians","field","Punjab Kings",192,150,3,"Umpire_06","Umpire_14"
138,2012,"2012-05-22","Mumbai","Wankhede Stadium","Kolkata Knight Riders","Chennai Super Kings","Chennai Super Kings","field","Chennai Super Kings",175,211,8,"Umpire_15","Umpire_13"
139,2012,"2012-05-24","Jaipur","Sawai Mansingh Stadium","Chennai Super Kings","Rajasthan Royals","Chennai Super Kings","field","Chennai Super Kings",185,159,6,"Umpire_02","Umpire_11"
140,2012,"2012-05-27","Jaipur","Sawai Mansingh Stadium","Chennai Super Kings","Rajasthan Royals","Rajasthan Royals","bat","Rajasthan Royals",138,169,8,"Umpire_08","Umpire_12"
141,2013,"2013-03-24","Chennai","MA Chidambaram Stadium","Chennai Super Kings","Punjab Kings","Chennai Super Kings","field","Chennai Super Kings",203,169,2,"Umpire_08","Umpire_13"
142,2013,"2013-03-26","Jaipur","Sawai Mansingh Stadium","Delhi Capitals","Royal Challengers Bangalore","Delhi Capitals","field","Royal Challengers Bangalore",128,149,6,"Umpire_03","Umpire_01"
143,2013,"2013-03-29","Mohali","PCA Stadium Mohali","Mumbai Indians","Punjab Kings","Punjab Kings","field","Punjab Kings",140,173,6,"Umpire_13","Umpire_09"
144,2013,"2013-03-31","Hyderabad","Rajiv Gandhi Stadium","Kolkata Knight Riders","Rajasthan Royals","Rajasthan Royals","field","Rajasthan Royals",150,181,9,"Umpire_09","Umpire_05"
145,2013,"2013-04-02","Kolkata","Eden Gardens","Delhi Capitals","Chennai Super Kings","Chennai Super Kings","field","Delhi Capitals",185,132,2,"Umpire_02",NA
146,2013,"2013-04-05","Jaipur","Sawai Mansingh Stadium","Royal Challengers Bangalore","Kolkata Knight Riders","Royal Challengers Bangalore","bat","Kolkata Knight Riders",179,180,7,"Umpire_03","Umpire_05"
147,2013,"2013-04-07","Hyderabad","Rajiv Gandhi Stadium","Mumbai Indians","Sunrisers Hyderabad","Mumbai Indians","bat","Sunrisers Hyderabad",137,159,3,"Umpire_14","Umpire_13"
148,2013,"2013-04-09","Hyderabad","Rajiv Gandhi Stadium","Kolkata Knight Riders","Sunrisers Hyderabad","Kolkata Knight Riders","field","Kolkata Knight Riders",207,173,3,"Umpire_11","Umpire_01"
149,2013,"2013-04-12","Kolkata","Eden Gardens","Kolkata Knight Riders","Sunrisers Hyderabad","Sunrisers Hyderabad","field","Kolkata Knight Riders",172,169,3,"Umpire_11","Umpire_05"
150,2013,"2013-04-14","Mohali","PCA Stadium Mohali","Rajasthan Royals","Delhi Capitals","Rajasthan Royals","bat","Rajasthan Royals",187,177,2,"Umpire_10","Umpire_12"
151,2013,"2013-04-16","Hyderabad","Rajiv Gandhi Stadium","Sunrisers Hyderabad","Chennai Super Kings","Chennai Super Kings","field","Chennai Super Kings",175,178,10,"Umpire_15","Umpire_07"
152,2013,"2013-04-19","Mumbai","Wankhede Stadium","Mumbai Indians","Sunrisers Hyderabad","Mumbai Indians","field","Mumbai Indians",172,149,5,"Umpire_09","Umpire_08"
153,2013,"2013-04-21","Delhi","Arun Jaitley Stadium","Kolkata Knight Riders","Sunrisers Hyderabad","Sunrisers Hyderabad","bat","Sunrisers Hyderabad",155,158,5,"Umpire_11","Umpire_08"
154,2013,"2013-04-24","Mohali","PCA Stadium Mohali","Punjab Kings","Delhi Capitals","Delhi Capitals","field","Punjab Kings",199,162,2,"Umpire_05","Umpire_03"
155,2013,"2013-04-26","Delhi","Arun Jaitley Stadium","Rajasthan Royals","Punjab Kings","Punjab Kings","bat","Punjab Kings",153,217,3,"Umpire_07","Umpire_12"
156,2013,"2013-04-28","Kolkata","Eden Gardens","Royal Challengers Bangalore","Mumbai Indians","Royal Challengers Bangalore","field","Royal Challengers Bangalore",182,114,4,"Umpire_12","Umpire_01"
157,2013,"2013-05-01","Delhi","Arun Jaitley Stadium","Rajasthan Royals","Mumbai Indians","Mumbai Indians","field","Rajasthan Royals",181,167,3,"Umpire_02","Umpire_09"
158,2013,"2013-05-03","Bengaluru","M Chinnaswamy Stadium","Delhi Capitals","Punjab Kings","Delhi Capitals","field","Punjab Kings",124,163,5,"Umpire_08","Umpire_11"
159,2013,"2013-05-05","Mumbai","Wankhede Stadium","Delhi Capitals","Mumbai Indians","Delhi Capitals","field","Mumbai Indians",152,182,7,"Umpire_03","Umpire_11"
160,2013,"2013-05-08","Hyderabad","Rajiv Gandhi Stadium","Delhi Capitals","Punjab Kings","Punjab Kings","field","Delhi Capitals",151,139,2,"Umpire_15","Umpire_08"
161,2013,"2013-05-10","Hyderabad","Rajiv Gandhi Stadium","Sunrisers Hyderabad","Rajasthan Royals","Rajasthan Royals","field","Rajasthan Royals",148,179,7,"Umpire_09","Umpire_12"
162,2013,"2013-05-12",NA,"Rajiv Gandhi Stadium","Punjab Kings","Sunrisers Hyderabad","Punjab Kings","bat","Sunrisers Hyderabad",158,221,6,"Umpire_08","Umpire_13"
163,2013,"2013-05-15","Kolkata","Eden Gardens","Sunrisers Hyderabad","Kolkata Knight Riders","Sunrisers Hyderabad","field","Kolkata Knight Riders",154,176,8,"Umpire_01","Umpire_13"
164,2013,"2013-05-17","Mumbai","Wankhede Stadium","Sunrisers Hyderabad","Mumbai Indians","Sunrisers Hyderabad","bat","Sunrisers Hyderabad",172,155,1,"Umpire_02","Umpire_06"
165,2013,"2013-05-19","Kolkata","Eden Gardens","Chennai Super Kings","Kolkata Knight Riders","Kolkata Knight Riders","field","Kolkata Knight Riders",167,176,8,"Umpire_04","Umpire_12"
166,2013,"2013-05-22","Delhi","Arun Jaitley Stadium","Delhi Capitals","Kolkata Knight Riders","Delhi Capitals","field","Delhi Capitals",160,151,2,"Umpire_02","Umpire_10"
167,2013,"2013-05-24","Jaipur","Sawai Mansingh Stadium","Delhi Capitals","Chennai Super Kings","Delhi Capitals","bat","Delhi Capitals",200,142,3,"Umpire_15","Umpire_01"
168,2013,"2013-05-27","Mohali","PCA Stadium Mohali","Delhi Capitals","Punjab Kings","Delhi Capitals","field","Punjab Kings",170,184,5,"Umpire_07","Umpire_01"
169,2014,"2014-03-24","Mohali","PCA Stadium Mohali","Chennai Super Kings","Punjab Kings","Chennai Super Kings","field","Chennai Super Kings",192,153,2,"Umpire_01","Umpire_14"
170,2014,"2014-03-26","Dubai","Dubai International Stadium","Kolkata Knight Riders","Royal Challengers Bangalore","Royal Challengers Bangalore","bat","Kolkata Knight Riders",181,162,4,"Umpire_10","Umpire_06"
171,2014,"2014-03-29","Bengaluru","M Chinnaswamy Stadium","Chennai Super Kings","Royal Challengers Bangalore","Royal Challengers Bangalore","field","Chennai Super Kings",167,122,0,"Umpire_11","Umpire_02"
172,2014,"2014-03-31","Hyderabad","Rajiv Gandhi Stadium","Rajasthan Royals","Royal Challengers Bangalore","Rajasthan Royals","field","Rajasthan Royals",166,165,4,"Umpire_04","Umpire_04"
173,2014,"2014-04-02","Chennai","MA Chidambaram Stadium","Chennai Super Kings","Mumbai Indians","Chennai Super Kings","bat","Mumbai Indians",168,175,7,"Umpire_15","Umpire_11"
174,2014,"2014-04-05","Dubai","Dubai International Stadium","Chennai Super Kings","Rajasthan Royals","Chennai Super Kings","bat","Rajasthan Royals",162,186,8,"Umpire_12","Umpire_06"
175,2014,"2014-04-07","Jaipur","Sawai Mansingh Stadium","Rajasthan Royals","Delhi Capitals","Delhi Capitals","field","Delhi Capitals",163,189,8,"Umpire_07","Umpire_01"
176,2014,"2014-04-09","Chennai","MA Chidambaram Stadium","Delhi Capitals","Chennai Super Kings","Chennai Super Kings","bat","Chennai Super Kings",170,217,7,"Umpire_01","Umpire_06"
177,2014,"2014-04-12","Bengaluru","M Chinnaswamy Stadium","Royal Challengers Bangalore","Punjab Kings","Royal Challengers Bangalore","bat","Punjab Kings",160,187,8,"Umpire_13","Umpire_01"
178,2014,"2014-04-14","Kolkata","Eden Gardens","Sunrisers Hyderabad","Punjab Kings","Sunrisers Hyderabad","field","Sunrisers Hyderabad",188,146,5,"Umpire_14","Umpire_15"
179,2014,"2014-04-16","Mohali","PCA Stadium Mohali","Punjab Kings","Chennai Super Kings","Punjab Kings","bat","Punjab Kings",172,163,5,"Umpire_02","Umpire_12"
180,2014,"2014-04-19","Kolkata","Eden Gardens","Kolkata Knight Riders","Mumbai Indians","Mumbai Indians","field","Mumbai Indians",156,193,7,"Umpire_01","Umpire_12"
181,2014,"2014-04-21","Chennai","MA Chidambaram Stadium","Chennai Super Kings","Kolkata Knight Riders","Chennai Super Kings","field","Chennai Super Kings",182,159,5,"Umpire_04","Umpire_13"
182,2014,"2014-04-24","Hyderabad","Rajiv Gandhi Stadium","Mumbai Indians","Sunrisers Hyderabad","Sunrisers Hyderabad","field","Sunrisers Hyderabad",134,168,6,"Umpire_02","Umpire_05"
183,2014,"2014-04-26","Kolkata","Eden Gardens","Delhi Capitals","Kolkata Knight Riders","Delhi Capitals","field","Delhi Capitals",200,157,5,"Umpire_05","Umpire_05"
184,2014,"2014-04-28","Chennai","MA Chidambaram Stadium","Rajasthan Royals","Chennai Super Kings","Chennai Super Kings","field","Chennai Super Kings",149,190,6,"Umpire_14","Umpire_03"
185,2014,"2014-05-01","Mohali","PCA Stadium Mohali","Rajasthan Royals","Punjab Kings","Rajasthan Royals","field","Rajasthan Royals",152,151,4,"Umpire_12","Umpire_14"
186,2014,"2014-05-03","Mohali","PCA Stadium Mohali","Delhi Capitals","Punjab Kings","Punjab Kings","field","Delhi Capitals",151,145,7,"Umpire_12","Umpire_05"
187,2014,"2014-05-05","Chennai","MA Chidambaram Stadium","Chennai Super Kings","Punjab Kings","Chennai Super Kings","bat","Punjab Kings",178,182,7,"Umpire_08","Umpire_01"
188,2014,"2014-05-08","Delhi","Arun Jaitley Stadium","Sunrisers Hyderabad","Delhi Capitals","Sunrisers Hyderabad","field","Delhi Capitals",129,179,7,"Umpire_06","Umpire_04"
189,2014,"2014-05-10","Kolkata","Eden Gardens","Kolkata Knight Riders","Royal Challengers Bangalore","Royal Challengers Bangalore","field","Kolkata Knight Riders",182,169,4,"Umpire_15","Umpire_12"
190,2014,"2014-05-12","Jaipur","Sawai Mansingh Stadium","Delhi Capitals","Mumbai Indians","Delhi Capitals","field","Mumbai Indians",150,159,7,"Umpire_03","Umpire_12"
191,2014,"2014-05-15","Bengaluru","M Chinnaswamy Stadium","Mumbai Indians","Royal Challengers Bangalore","Mumbai Indians","bat","Mumbai Indians",180,130,2,"Umpire_15","Umpire_13"
192,2014,"2014-05-17","Bengaluru","M Chinnaswamy Stadium","Punjab Kings","Sunrisers Hyderabad","Punjab Kings","field","Punjab Kings",189,155,4,"Umpire_01","Umpire_10"
193,2014,"2014-05-19","Hyderabad","Rajiv Gandhi Stadium","Sunrisers Hyderabad","Royal Challengers Bangalore","Sunrisers Hyderabad","field","Sunrisers Hyderabad",195,170,1,"Umpire_03","Umpire_13"
194,2014,"2014-05-22","Kolkata","Eden Gardens","Kolkata Knight Riders","Punjab Kings","Punjab Kings","field","Kolkata Knight Riders",187,142,1,"Umpire_01","Umpire_13"
195,2014,"2014-05-24","Delhi","Arun Jaitley Stadium","Punjab Kings","Delhi Capitals","Delhi Capitals","bat","Delhi Capitals",175,184,6,"Umpire_06","Umpire_04"
196,2014,"2014-05-27","Bengaluru","M Chinnaswamy Stadium","Royal Challengers Bangalore","Sunrisers Hyderabad","Sunrisers Hyderabad","field","Sunrisers Hyderabad",151,162,7,"Umpire_01","Umpire_15"
197,2015,"2015-03-24","Jaipur","Sawai Mansingh Stadium","Punjab Kings","Rajasthan Royals","Rajasthan Royals","field","Rajasthan Royals",181,207,7,"Umpire_13","Umpire_12"
198,2015,"2015-03-26","Jaipur","Sawai Mansingh Stadium","Rajasthan Royals","Chennai Super Kings","Rajasthan Royals","field","Rajasthan Royals",191,153,6,"Umpire_03","Umpire_06"
199,2015,"2015-03-29","Hyderabad","Rajiv Gandhi Stadium","Sunrisers Hyderabad","Kolkata Knight Riders","Kolkata Knight Riders","bat","Kolkata Knight Riders",127,166,6,"Umpire_02","Umpire_04"
200,2015,"2015-03-31","Delhi","Arun Jaitley Stadium","Chennai Super Kings","Delhi Capitals","Chennai Super Kings","bat","Delhi Capitals",170,183,7,"Umpire_14","Umpire_02"
201,2015,"2015-04-02","Hyderabad","Rajiv Gandhi Stadium","Chennai Super Kings","Delhi Capitals","Delhi Capitals","field","Chennai Super Kings",179,154,1,"Umpire_03","Umpire_05"
202,2015,"2015-04-05","Hyderabad","Rajiv Gandhi Stadium","Chennai Super Kings","Sunrisers Hyderabad","Sunrisers Hyderabad","field","Sunrisers Hyderabad",158,185,4,"Umpire_15","Umpire_05"
203,2015,"2015-04-07","Delhi","Arun Jaitley Stadium","Delhi Capitals","Mumbai Indians","Mumbai Indians","field","Mumbai Indians",131,187,5,"Umpire_12","Umpire_02"
204,2015,"2015-04-09","Delhi","Arun Jaitley Stadium","Delhi Capitals","Punjab Kings","Delhi Capitals","field","Punjab Kings",152,201,7,"Umpire_10","Umpire_14"
205,2015,"2015-04-12","Delhi","Arun Jaitley Stadium","Kolkata Knight Riders","Delhi Capitals","Kolkata Knight Riders","field","Delhi Capitals",138,166,7,"Umpire_07","Umpire_08"
206,2015,"2015-04-14","Mumbai","Wankhede Stadium","Kolkata Knight Riders","Mumbai Indians","Kolkata Knight Riders","field","Mumbai Indians",115,180,8,"Umpire_09","Umpire_11"
207,2015,"2015-04-16","Bengaluru","M Chinnaswamy Stadium","Punjab Kings","Sunrisers Hyderabad","Sunrisers Hyderabad","field","Sunrisers Hyderabad",153,179,NA,"Umpire_06","Umpire_12"
208,2015,"2015-04-19","Hyderabad","Rajiv Gandhi Stadium","Chennai Super Kings","Sunrisers Hyderabad","Sunrisers Hyderabad","bat","Sunrisers Hyderabad",181,185,NA,"Umpire_02","Umpire_04"
209,2015,"2015-04-21","Bengaluru","M Chinnaswamy Stadium","Royal Challengers Bangalore","Punjab Kings","Punjab Kings","bat","Royal Challengers Bangalore",197,168,3,"Umpire_14","Umpire_14"
210,2015,"2015-04-24","Delhi","Arun Jaitley Stadium","Delhi Capitals","Rajasthan Royals","Rajasthan Royals","bat","Rajasthan Royals",131,197,7,"Umpire_05","Umpire_11"
211,2015,"2015-04-26","Kolkata","Eden Gardens","Punjab Kings","Kolkata Knight Riders","Punjab Kings","field","Punjab Kings",171,142,5,"Umpire_01","Umpire_03"
212,2015,"2015-04-28","Delhi","Arun Jaitley Stadium","Rajasthan Royals","Delhi Capitals","Delhi Capitals","field","Rajasthan Royals",166,158,2,"Umpire_11","Umpire_02"
213,2015,"2015-05-01","Jaipur","Sawai Mansingh Stadium","Rajasthan Royals","Royal Challengers Bangalore","Royal Challengers Bangalore","bat","Royal Challengers Bangalore",150,165,6,"Umpire_07","Umpire_10"
214,2015,"2015-05-03","Chennai","MA Chidambaram Stadium","Chennai Super Kings","Punjab Kings","Chennai Super Kings","bat","Chennai Super Kings",201,172,5,"Umpire_04","Umpire_08"
215,2015,"2015-05-05","Jaipur","Sawai Mansingh Stadium","Rajasthan Royals","Chennai Super Kings","Rajasthan Royals","field","Rajasthan Royals",192,184,4,"Umpire_09","Umpire_10"
216,2015,"2015-05-08","Hyderabad","Rajiv Gandhi Stadium","Sunrisers Hyderabad","Rajasthan Royals","Sunrisers Hyderabad","field","Sunrisers Hyderabad",170,160,3,"Umpire_14","Umpire_06"
217,2015,"2015-05-10","Kolkata","Eden Gardens","Kolkata Knight Riders","Royal Challengers Bangalore","Royal Challengers Bangalore","bat","Kolkata Knight Riders",152,122,2,"Umpire_04","Umpire_08"
218,2015,"2015-05-12","Bengaluru","M Chinnaswamy Stadium","Punjab Kings","Royal Challengers Bangalore","Punjab Kings","bat","Royal Challengers Bangalore",163,186,7,"Umpire_05","Umpire_01"
219,2015,"2015-05-15","Mohali","PCA Stadium Mohali","Punjab Kings","Chennai Super Kings","Chennai Super Kings","field","Chennai Super Kings",188,218,5,"Umpire_11","Umpire_01"
220,2015,"2015-05-17","Hyderabad","Rajiv Gandhi Stadium","Punjab Kings","Sunrisers Hyderabad","Punjab Kings","field","Sunrisers Hyderabad",152,197,6,"Umpire_06",NA
221,2015,"2015-05-19","Bengaluru","M Chinnaswamy Stadium","Mumbai Indians","Royal Challengers Bangalore","Mumbai Indians","field","Royal Challengers Bangalore",142,165,6,"Umpire_09","Umpire_07"
222,2015,"2015-05-22","Mohali","PCA Stadium Mohali","Kolkata Knight Riders","Mumbai Indians","Kolkata Knight Riders","field","Mumbai Indians",163,205,7,"Umpire_12","Umpire_14"
223,2015,"2015-05-24","Hyderabad","Rajiv Gandhi Stadium","Sunrisers Hyderabad","Delhi Capitals","Sunrisers Hyderabad","field","Delhi Capitals",147,164,7,"Umpire_10","Umpire_12"
224,2015,"2015-05-27",NA,"M Chinnaswamy Stadium","Rajasthan Royals","Royal Challengers Bangalore","Rajasthan Royals","bat","Rajasthan Royals",161,159,2,"Umpire_10","Umpire_03"
225,2016,"2016-03-24","Jaipur","Sawai Mansingh Stadium","Rajasthan Royals","Punjab Kings","Rajasthan Royals","field","Rajasthan Royals",188,169,5,"Umpire_13","Umpire_06"
226,2016,"2016-03-26","Chennai","MA Chidambaram Stadium","Chennai Super Kings","Sunrisers Hyderabad","Sunrisers Hyderabad","bat","Sunrisers Hyderabad",159,175,7,"Umpire_04","Umpire_13"
227,2016,"2016-03-29","Mumbai","Wankhede Stadium","Chennai Super Kings","Rajasthan Royals","Rajasthan Royals","bat","Rajasthan Royals",172,200,5,"Umpire_07","Umpire_05"
228,2016,"2016-03-31","Mohali","PCA Stadium Mohali","Punjab Kings","Sunrisers Hyderabad","Punjab Kings","field","Sunrisers Hyderabad",156,195,6,"Umpire_09","Umpire_14"
229,2016,"2016-04-02","Chennai","MA Chidambaram Stadium","Chennai Super Kings","Kolkata Knight Riders","Kolkata Knight Riders","field","Chennai Super Kings",234,180,2,"Umpire_10","Umpire_09"
230,2016,"2016-04-05","Mumbai","Wankhede Stadium","Delhi Capitals","Punjab Kings","Delhi Capitals","field","Delhi Capitals",179,154,4,"Umpire_01","Umpire_15"
231,2016,"2016-04-07","Mumbai","Wankhede Stadium","Sunrisers Hyderabad","Mumbai Indians","Sunrisers Hyderabad","field","Mumbai Indians",139,201,6,"Umpire_06","Umpire_04"
232,2016,"2016-04-09","Hyderabad","Rajiv Gandhi Stadium","Mumbai Indians","Royal Challengers Bangalore","Mumbai Indians","field","Royal Challengers Bangalore",141,165,5,"Umpire_05","Umpire_10"
233,2016,"2016-04-12","Jaipur","Sawai Mansingh Stadium","Royal Challengers Bangalore","Rajasthan Royals","Rajasthan Royals","field","Rajasthan Royals",172,178,7,"Umpire_01","Umpire_15"
234,2016,"2016-04-14","Delhi","Arun Jaitley Stadium","Delhi Capitals","Royal Challengers Bangalore","Delhi Capitals","bat","Delhi Capitals",170,147,3,"Umpire_03","Umpire_07"
235,2016,"2016-04-16","Mohali","PCA Stadium Mohali","Royal Challengers Bangalore","Punjab Kings","Royal Challengers Bangalore","bat","Punjab Kings",169,206,7,"Umpire_09","Umpire_13"
236,2016,"2016-04-19","Jaipur","Sawai Mansingh Stadium","Rajasthan Royals","Chennai Super Kings","Rajasthan Royals","bat","Rajasthan Royals",174,146,NA,"Umpire_14","Umpire_07"
237,2016,"2016-04-21","Delhi","Arun Jaitley Stadium","Royal Challengers Bangalore","Delhi Capitals","Royal Challengers Bangalore","field","Delhi Capitals",139,161,5,"Umpire_15","Umpire_03"
238,2016,"2016-04-24","Kolkata","Eden Gardens","Kolkata Knight Riders","Chennai Super Kings","Kolkata Knight Riders","field","Chennai Super Kings",155,196,5,"Umpire_07","Umpire_09"
239,2016,"2016-04-26","Bengaluru","M Chinnaswamy Stadium","Delhi Capitals","Kolkata Knight Riders","Kolkata Knight Riders","bat","Delhi Capitals",186,177,2,"Umpire_14","Umpire_15"
240,2016,"2016-04-28","Bengaluru","M Chinnaswamy Stadium","Royal Challengers Bangalore","Kolkata Knight Riders","Kolkata Knight Riders","field","Royal Challengers Bangalore",207,148,1,"Umpire_01","Umpire_11"
241,2016,"2016-05-01","Hyderabad","Rajiv Gandhi Stadium","Kolkata Knight Riders","Punjab Kings","Punjab Kings","bat","Punjab Kings",157,172,6,"Umpire_04","Umpire_08"
242,2016,"2016-05-03","Mumbai","Wankhede Stadium","Mumbai Indians","Sunrisers Hyderabad","Mumbai Indians","field","Mumbai Indians",160,146,5,"Umpire_13","Umpire_09"
243,2016,"2016-05-05","Mumbai","Wankhede Stadium","Chennai Super Kings","Mumbai Indians","Mumbai Indians","field","Mumbai Indians",153,198,7,"Umpire_04","Umpire_12"
244,2016,"2016-05-08","Chennai","MA Chidambaram Stadium","Delhi Capitals","Chennai Super Kings","Delhi Capitals","field","Chennai Super Kings",165,185,5,"Umpire_13","Umpire_10"
245,2016,"2016-05-10","Jaipur","Sawai Mansingh Stadium","Delhi Capitals","Rajasthan Royals","Rajasthan Royals","field","Rajasthan Royals",153,184,9,"Umpire_03","Umpire_06"
246,2016,"2016-05-12","Chennai","MA Chidambaram Stadium","Delhi Capitals","Chennai Super Kings","Delhi Capitals","bat","Chennai Super Kings",150,196,5,"Umpire_09","Umpire_05"
247,2016,"2016-05-15","Chennai","MA Chidambaram Stadium","Chennai Super Kings","Sunrisers Hyderabad","Chennai Super Kings","field","Sunrisers Hyderabad",165,206,6,"Umpire_04","Umpire_07"
248,2016,"2016-05-17","Mumbai","Wankhede Stadium","Kolkata Knight Riders","Delhi Capitals","Delhi Capitals","field","Kolkata Knight Riders",177,165,2,"Umpire_08","Umpire_10"
249,2016,"2016-05-19","Bengaluru","M Chinnaswamy Stadium","Kolkata Knight Riders","Royal Challengers Bangalore","Royal Challengers Bangalore","field","Royal Challengers Bangalore",173,217,7,"Umpire_04","Umpire_07"
250,2016,"2016-05-22","Jaipur","Sawai Mansingh Stadium","Rajasthan Royals","Chennai Super Kings","Rajasthan Royals","field","Rajasthan Royals",171,165,2,"Umpire_12",NA
251,2016,"2016-05-24","Delhi","Arun Jaitley Stadium","Delhi Capitals","Mumbai Indians","Mumbai Indians","field","Mumbai Indians",162,164,8,"Umpire_03","Umpire_03"
252,2016,"2016-05-27","Bengaluru","M Chinnaswamy Stadium","Delhi Capitals","Punjab Kings","Punjab Kings","bat","Delhi Capitals",179,162,4,"Umpire_11","Umpire_04"
253,2017,"2017-03-24","Mohali","PCA Stadium Mohali","Kolkata Knight Riders","Punjab Kings","Kolkata Knight Riders","field","Punjab Kings",166,186,4,"Umpire_02","Umpire_01"
254,2017,"2017-03-26","Mumbai","Wankhede Stadium","Mumbai Indians","Royal Challengers Bangalore","Mumbai Indians","field","Mumbai Indians",194,192,3,"Umpire_02","Umpire_11"
255,2017,"2017-03-29","Chennai","MA Chidambaram Stadium","Royal Challengers Bangalore","Chennai Super Kings","Chennai Super Kings","field","Chennai Super Kings",172,175,6,"Umpire_10",NA
256,2017,"2017-03-31","Mohali","PCA Stadium Mohali","Punjab Kings","Kolkata Knight Riders","Kolkata Knight Riders","field","Punjab Kings",174,154,2,"Umpire_08","Umpire_01"
257,2017,"2017-04-02","Mohali","PCA Stadium Mohali","Delhi Capitals","Chennai Super Kings","Chennai Super Kings","field","Chennai Super Kings",176,196,6,"Umpire_02","Umpire_07"
258,2017,"2017-04-05","Jaipur","Sawai Mansingh Stadium","Kolkata Knight Riders","Royal Challengers Bangalore","Royal Challengers Bangalore","bat","Royal Challengers Bangalore",131,196,9,"Umpire_04","Umpire_15"
259,2017,"2017-04-07","Mohali","PCA Stadium Mohali","Punjab Kings","Kolkata Knight Riders","Punjab Kings","field","Kolkata Knight Riders",143,186,8,"Umpire_15","Umpire_03"
260,2017,"2017-04-09","Hyderabad","Rajiv Gandhi Stadium","Sunrisers Hyderabad","Mumbai Indians","Mumbai Indians","bat","Sunrisers Hyderabad",168,154,3,"Umpire_14","Umpire_14"
261,2017,"2017-04-12","Jaipur","Sawai Mansingh Stadium","Rajasthan Royals","Mumbai Indians","Rajasthan Royals","bat","Mumbai Indians",158,176,8,"Umpire_12","Umpire_08"
262,2017,"2017-04-14","Hyderabad","Rajiv Gandhi Stadium","Punjab Kings","Sunrisers Hyderabad","Punjab Kings","bat","Sunrisers Hyderabad",161,184,8,"Umpire_04","Umpire_08"
263,2017,"2017-04-16","Hyderabad","Rajiv Gandhi Stadium","Sunrisers Hyderabad","Delhi Capitals","Sunrisers Hyderabad","field","Sunrisers Hyderabad",202,190,2,"Umpire_12","Umpire_04"
264,2017,"2017-04-19","Chennai","MA Chidambaram Stadium","Chennai Super Kings","Royal Challengers Bangalore","Chennai Super Kings","field","Chennai Super Kings",189,154,1,"Umpire_13","Umpire_11"
265,2017,"2017-04-21","Mumbai","Wankhede Stadium","Mumbai Indians","Delhi Capitals","Mumbai Indians","bat","Mumbai Indians",161,153,4,"Umpire_08","Umpire_13"
266,2017,"2017-04-24","Kolkata","Eden Gardens","Kolkata Knight Riders","Mumbai Indians","Mumbai Indians","bat","Kolkata Knight Riders",173,171,2,"Umpire_01","Umpire_07"
267,2017,"2017-04-26","Bengaluru","M Chinnaswamy Stadium","Kolkata Knight Riders","Royal Challengers Bangalore","Royal Challengers Bangalore","bat","Royal Challengers Bangalore",144,196,5,"Umpire_13","Umpire_10"
268,2017,"2017-04-28","Hyderabad","Rajiv Gandhi Stadium","Rajasthan Royals","Royal Challengers Bangalore","Rajasthan Royals","field","Rajasthan Royals",176,160,5,"Umpire_05","Umpire_02"
269,2017,"2017-05-01","Kolkata","Eden Gardens","Kolkata Knight Riders","Chennai Super Kings","Kolkata Knight Riders","field","Chennai Super Kings",179,189,8,"Umpire_08","Umpire_12"
270,2017,"2017-05-03","Mohali","PCA Stadium Mohali","Chennai Super Kings","Punjab Kings","Punjab Kings","field","Punjab Kings",152,188,5,"Umpire_14","Umpire_09"
271,2017,"2017-05-05","Jaipur","Sawai Mansingh Stadium","Rajasthan Royals","Mumbai Indians","Rajasthan Royals","field","Rajasthan Royals",173,167,3,"Umpire_08","Umpire_12"
272,2017,"2017-05-08","Kolkata","Eden Gardens","Kolkata Knight Riders","Sunrisers Hyderabad","Sunrisers Hyderabad","bat","Sunrisers Hyderabad",155,201,7,"Umpire_09","Umpire_05"
273,2017,"2017-05-10","Mohali","PCA Stadium Mohali","Punjab Kings","Delhi Capitals","Punjab Kings","field","Punjab Kings",162,158,2,"Umpire_06","Umpire_03"
274,2017,"2017-05-12","Jaipur","Sawai Mansingh Stadium","Royal Challengers Bangalore","Kolkata Knight Riders","Kolkata Knight Riders","field","Royal Challengers Bangalore",154,126,4,"Umpire_03","Umpire_10"
275,2017,"2017-05-15",NA,"Eden Gardens","Sunrisers Hyderabad","Chennai Super Kings","Chennai Super Kings","field","Sunrisers Hyderabad",155,138,4,"Umpire_11","Umpire_14"
276,2017,"2017-05-17","Hyderabad","Rajiv Gandhi Stadium","Kolkata Knight Riders","Punjab Kings","Punjab Kings","field","Punjab Kings",164,187,6,"Umpire_03","Umpire_02"
277,2017,"2017-05-19","Mohali","PCA Stadium Mohali","Punjab Kings","Chennai Super Kings","Chennai Super Kings","bat","Chennai Super Kings",165,199,7,"Umpire_03","Umpire_11"
278,2017,"2017-05-22","Mohali","PCA Stadium Mohali","Mumbai Indians","Punjab Kings","Mumbai Indians","field","Mumbai Indians",163,130,2,"Umpire_07","Umpire_14"
279,2017,"2017-05-24","Mumbai","Wankhede Stadium","Mumbai Indians","Chennai Super Kings","Mumbai Indians","field","Mumbai Indians",177,154,4,"Umpire_15","Umpire_13"
280,2017,"2017-05-27","Mohali","PCA Stadium Mohali","Punjab Kings","Chennai Super Kings","Punjab Kings","field","Punjab Kings",175,155,2,"Umpire_15","Umpire_04"
281,2018,"2018-03-24","Bengaluru","M Chinnaswamy Stadium","Royal Challengers Bangalore","Chennai Super Kings","Chennai Super Kings","bat","Chennai Super Kings",179,183,7,"Umpire_13","Umpire_09"
282,2018,"2018-03-26","Kolkata","Eden Gardens","Kolkata Knight Riders","Royal Challengers Bangalore","Royal Challengers Bangalore","field","Royal Challengers Bangalore",149,173,7,"Umpire_09","Umpire_09"
283,2018,"2018-03-29","Chennai","MA Chidambaram Stadium","Royal Challengers Bangalore","Chennai Super Kings","Chennai Super Kings","field","Chennai Super Kings",163,192,9,"Umpire_10","Umpire_05"
284,2018,"2018-03-31","Delhi","Arun Jaitley Stadium","Delhi Capitals","Mumbai Indians","Delhi Capitals","field","Mumbai Indians",170,221,9,"Umpire_08","Umpire_11"
285,2018,"2018-04-02","Mumbai","Wankhede Stadium","Mumbai Indians","Delhi Capitals","Mumbai Indians","field","Mumbai Indians",179,173,2,"Umpire_05","Umpire_08"
286,2018,"2018-04-05","Jaipur","Sawai Mansingh Stadium","Rajasthan Royals","Mumbai Indians","Mumbai Indians","bat","Mumbai Indians",159,164,9,"Umpire_13","Umpire_13"
287,2018,"2018-04-07","Chennai","MA Chidambaram Stadium","Chennai Super Kings","Sunrisers Hyderabad","Chennai Super Kings","bat","Sunrisers Hyderabad",171,188,6,"Umpire_03","Umpire_06"
288,2018,"2018-04-09","Bengaluru","M Chinnaswamy Stadium","Sunrisers Hyderabad","Royal Challengers Bangalore","Sunrisers Hyderabad","field","Royal Challengers Bangalore",160,197,5,"Umpire_05","Umpire_05"
289,2018,"2018-04-12",NA,"PCA Stadium Mohali","Punjab Kings","Sunrisers Hyderabad","Sunrisers Hyderabad","field","Sunrisers Hyderabad",140,174,6,"Umpire_07","Umpire_12"
290,2018,"2018-04-14","Delhi","Arun Jaitley Stadium","Punjab Kings","Delhi Capitals","Punjab Kings","bat","Delhi Capitals",178,179,8,"Umpire_12","Umpire_07"
291,2018,"2018-04-16","Delhi","Arun Jaitley Stadium","Kolkata Knight Riders","Delhi Capitals","Kolkata Knight Riders","bat","Delhi Capitals",141,176,7,"Umpire_14","Umpire_01"
292,2018,"2018-04-19","Kolkata","Eden Gardens","Kolkata Knight Riders","Royal Challengers Bangalore","Royal Challengers Bangalore","field","Royal Challengers Bangalore",147,187,7,"Umpire_09","Umpire_04"
293,2018,"2018-04-21","Delhi","Arun Jaitley Stadium","Sunrisers Hyderabad","Delhi Capitals","Delhi Capitals","field","Sunrisers Hyderabad",184,143,3,"Umpire_13","Umpire_11"
294,2018,"2018-04-24","Mumbai","Wankhede Stadium","Chennai Super Kings","Mumbai Indians","Mumbai Indians","field","Mumbai Indians",149,171,9,"Umpire_05","Umpire_06"
295,2018,"2018-04-26","Hyderabad","Rajiv Gandhi Stadium","Sunrisers Hyderabad","Punjab Kings","Punjab Kings","field","Punjab Kings",154,194,6,"Umpire_01","Umpire_11"
296,2018,"2018-04-28","Dubai","Dubai International Stadium","Mumbai Indians","Chennai Super Kings","Chennai Super Kings","bat","Mumbai Indians",163,149,1,"Umpire_05","Umpire_05"
297,2018,"2018-05-01","Kolkata","Eden Gardens","Sunrisers Hyderabad","Kolkata Knight Riders","Kolkata Knight Riders","bat","Kolkata Knight Riders",171,174,7,"Umpire_01","Umpire_01"
298,2018,"2018-05-03","Bengaluru","M Chinnaswamy Stadium","Royal Challengers Bangalore","Punjab Kings","Punjab Kings","field","Royal Challengers Bangalore",159,145,5,"Umpire_15","Umpire_08"
299,2018,"2018-05-05","Chennai","MA Chidambaram Stadium","Chennai Super Kings","Delhi Capitals","Chennai Super Kings","field","Chennai Super Kings",170,138,4,"Umpire_09","Umpire_14"
300,2018,"2018-05-08","Chennai","MA Chidambaram Stadium","Punjab Kings","Chennai Super Kings","Chennai Super Kings","field","Chennai Super Kings",143,158,6,"Umpire_13","Umpire_03"
301,2018,"2018-05-10","Mumbai","Wankhede Stadium","Royal Challengers Bangalore","Rajasthan Royals","Royal Challengers Bangalore","field","Rajasthan Royals",186,187,7,"Umpire_03","Umpire_04"
302,2018,"2018-05-12","Chennai","MA Chidambaram Stadium","Chennai Super Kings","Sunrisers Hyderabad","Sunrisers Hyderabad","bat","Chennai Super Kings",211,149,5,"Umpire_07","Umpire_06"
303,2018,"2018-05-15","Mumbai","Wankhede Stadium","Sunrisers Hyderabad","Punjab Kings","Punjab Kings","field","Punjab Kings",176,188,7,"Umpire_13","Umpire_01"
304,2018,"2018-05-17","Mumbai","Wankhede Stadium","Rajasthan Royals","Royal Challengers Bangalore","Rajasthan Royals","field","Rajasthan Royals",187,133,3,"Umpire_02","Umpire_15"
305,2018,"2018-05-19","Chennai","MA Chidambaram Stadium","Chennai Super Kings","Sunrisers Hyderabad","Sunrisers Hyderabad","field","Sunrisers Hyderabad",168,171,5,"Umpire_03","Umpire_15"
306,2018,"2018-05-22","Kolkata","Eden Gardens","Royal Challengers Bangalore","Kolkata Knight Riders","Kolkata Knight Riders","field","Kolkata Knight Riders",159,185,NA,"Umpire_14","Umpire_04"
307,2018,"2018-05-24","Delhi","Arun Jaitley Stadium","Delhi Capitals","Mumbai Indians","Delhi Capitals","bat","Mumbai Indians",143,173,5,"Umpire_10","Umpire_11"
308,2018,"2018-05-27","Kolkata","Eden Gardens","Kolkata Knight Riders","Mumbai Indians","Mumbai Indians","bat","Kolkata Knight Riders",209,133,5,"Umpire_01","Umpire_13"
309,2019,"2019-03-24","Kolkata","Eden Gardens","Rajasthan Royals","Kolkata Knight Riders","Kolkata Knight Riders","bat","Kolkata Knight Riders",186,202,4,"Umpire_15","Umpire_09"
310,2019,"2019-03-26","Delhi","Arun Jaitley Stadium","Chennai Super Kings","Delhi Capitals","Delhi Capitals","field","Chennai Super Kings",205,198,4,"Umpire_05","Umpire_01"
311,2019,"2019-03-29","Mohali","PCA Stadium Mohali","Punjab Kings","Royal Challengers Bangalore","Punjab Kings","field","Punjab Kings",174,145,1,"Umpire_05","Umpire_04"
312,2019,"2019-03-31","Bengaluru","M Chinnaswamy Stadium","Royal Challengers Bangalore","Rajasthan Royals","Rajasthan Royals","field","Rajasthan Royals",127,142,9,"Umpire_08",NA
313,2019,"2019-04-02","Dubai","Dubai International Stadium","Royal Challengers Bangalore","Rajasthan Royals","Royal Challengers Bangalore","field","Royal Challengers Bangalore",158,149,2,"Umpire_04","Umpire_14"
314,2019,"2019-04-05","Chennai","MA Chidambaram Stadium","Delhi Capitals","Kolkata Knight Riders","Kolkata Knight Riders","field","Kolkata Knight Riders",144,173,8,"Umpire_04","Umpire_04"
315,2019,"2019-04-07","Bengaluru","M Chinnaswamy Stadium","Chennai Super Kings","Royal Challengers Bangalore","Chennai Super Kings","bat","Chennai Super Kings",172,145,6,"Umpire_05","Umpire_11"
316,2019,"2019-04-09","Mohali","PCA Stadium Mohali","Punjab Kings","Kolkata Knight Riders","Punjab Kings","field","Punjab Kings",209,158,6,"Umpire_05","Umpire_06"
317,2019,"2019-04-12","Mumbai","Wankhede Stadium","Royal Challengers Bangalore","Mumbai Indians","Royal Challengers Bangalore","bat","Mumbai Indians",137,188,7,"Umpire_04","Umpire_10"
318,2019,"2019-04-14","Delhi","Arun Jaitley Stadium","Punjab Kings","Delhi Capitals","Delhi Capitals","bat","Delhi Capitals",165,184,6,"Umpire_03","Umpire_11"
319,2019,"2019-04-16","Mumbai","Wankhede Stadium","Rajasthan Royals","Mumbai Indians","Rajasthan Royals","bat","Rajasthan Royals",213,198,3,"Umpire_10","Umpire_08"
320,2019,"2019-04-19","Kolkata","Eden Gardens","Punjab Kings","Delhi Capitals","Delhi Capitals","bat","Delhi Capitals",162,181,6,"Umpire_03",NA
321,2019,"2019-04-21","Mumbai","Wankhede Stadium","Delhi Capitals","Mumbai Indians","Mumbai Indians","field","Mumbai Indians",155,208,5,"Umpire_15","Umpire_08"
322,2019,"2019-04-24","Jaipur","Sawai Mansingh Stadium","Rajasthan Royals","Delhi Capitals","Rajasthan Royals","field","Rajasthan Royals",163,149,4,"Umpire_07","Umpire_14"
323,2019,"2019-04-26","Mohali","PCA Stadium Mohali","Punjab Kings","Chennai Super Kings","Punjab Kings","field","Punjab Kings",157,106,6,"Umpire_08","Umpire_01"
324,2019,"2019-04-28","Bengaluru","M Chinnaswamy Stadium","Punjab Kings","Royal Challengers Bangalore","Royal Challengers Bangalore","bat","Royal Challengers Bangalore",114,156,4,"Umpire_01","Umpire_04"
325,2019,"2019-05-01","Mohali","PCA Stadium Mohali","Mumbai Indians","Punjab Kings","Punjab Kings","field","Punjab Kings",128,142,7,"Umpire_05","Umpire_03"
326,2019,"2019-05-03","Bengaluru","M Chinnaswamy Stadium","Royal Challengers Bangalore","Punjab Kings","Punjab Kings","field","Royal Challengers Bangalore",208,198,5,"Umpire_11","Umpire_09"
327,2019,"2019-05-05","Chennai","MA Chidambaram Stadium","Chennai Super Kings","Kolkata Knight Riders","Chennai Super Kings","field","Chennai Super Kings",182,181,3,"Umpire_06","Umpire_04"
328,2019,"2019-05-08","Mohali","PCA Stadium Mohali","Sunrisers Hyderabad","Royal Challengers Bangalore","Royal Challengers Bangalore","field","Sunrisers Hyderabad",178,151,5,"Umpire_05","Umpire_10"
329,2019,"2019-05-10","Mohali","PCA Stadium Mohali","Punjab Kings","Royal Challengers Bangalore","Royal Challengers Bangalore","field","Royal Challengers Bangalore",145,164,6,"Umpire_03","Umpire_01"
330,2019,"2019-05-12","Bengaluru","M Chinnaswamy Stadium","Delhi Capitals","Royal Challengers Bangalore","Delhi Capitals","bat","Delhi Capitals",184,152,4,"Umpire_09","Umpire_07"
331,2019,"2019-05-15","Chennai","MA Chidambaram Stadium","Delhi Capitals","Chennai Super Kings","Delhi Capitals","bat","Chennai Super Kings",152,214,7,"Umpire_12","Umpire_02"
332,2019,"2019-05-17","Bengaluru","M Chinnaswamy Stadium","Royal Challengers Bangalore","Kolkata Knight Riders","Royal Challengers Bangalore","bat","Kolkata Knight Riders",182,218,6,"Umpire_06","Umpire_11"
333,2019,"2019-05-19",NA,"M Chinnaswamy Stadium","Royal Challengers Bangalore","Kolkata Knight Riders","Kolkata Knight Riders","bat","Royal Challengers Bangalore",172,148,4,"Umpire_14",NA
334,2019,"2019-05-22","Mohali","PCA Stadium Mohali","Sunrisers Hyderabad","Delhi Capitals","Delhi Capitals","bat","Delhi Capitals",161,198,7,"Umpire_01","Umpire_03"
335,2019,"2019-05-24","Bengaluru","M Chinnaswamy Stadium","Royal Challengers Bangalore","Delhi Capitals","Royal Challengers Bangalore","bat","Delhi Capitals",168,169,6,"Umpire_03","Umpire_04"
336,2019,"2019-05-27","Mohali","PCA Stadium Mohali","Sunrisers Hyderabad","Punjab Kings","Punjab Kings","bat","Punjab Kings",156,169,6,"Umpire_08","Umpire_03"
337,2020,"2020-03-24","Sharjah","Sharjah Cricket Stadium","Rajasthan Royals","Chennai Super Kings","Rajasthan Royals","field","Rajasthan Royals",193,187,2,"Umpire_11","Umpire_14"
338,2020,"2020-03-26","Dubai","Dubai International Stadium","Chennai Super Kings","Rajasthan Royals","Chennai Super Kings","field","Rajasthan Royals",142,207,9,"Umpire_08","Umpire_12"
339,2020,"2020-03-29","Dubai","Dubai International Stadium","Mumbai Indians","Chennai Super Kings","Mumbai Indians","field","Chennai Super Kings",117,186,5,"Umpire_01","Umpire_11"
340,2020,"2020-03-31","Dubai","Dubai International Stadium","Kolkata Knight Riders","Rajasthan Royals","Rajasthan Royals","bat","Rajasthan Royals",186,203,6,"Umpire_14","Umpire_07"
341,2020,"2020-04-02","Abu Dhabi","Sheikh Zayed Stadium","Royal Challengers Bangalore","Kolkata Knight Riders","Kolkata Knight Riders","bat","Royal Challengers Bangalore",186,130,3,"Umpire_15","Umpire_14"
342,2020,"2020-04-05",NA,"Dubai International Stadium","Rajasthan Royals","Kolkata Knight Riders","Rajasthan Royals","bat","Rajasthan Royals",187,176,6,"Umpire_02","Umpire_03"
343,2020,"2020-04-07","Sharjah","Sharjah Cricket Stadium","Mumbai Indians","Sunrisers Hyderabad","Sunrisers Hyderabad","field","Mumbai Indians",162,152,3,"Umpire_14","Umpire_15"
344,2020,"2020-04-09","Dubai","Dubai International Stadium","Chennai Super Kings","Kolkata Knight Riders","Chennai Super Kings","bat","Kolkata Knight Riders",148,160,7,"Umpire_10","Umpire_13"
345,2020,"2020-04-12","Sharjah","Sharjah Cricket Stadium","Punjab Kings","Royal Challengers Bangalore","Punjab Kings","field","Punjab Kings",202,165,6,"Umpire_10","Umpire_07"
346,2020,"2020-04-14","Dubai","Dubai International Stadium","Mumbai Indians","Chennai Super Kings","Mumbai Indians","field","Chennai Super Kings",154,171,5,"Umpire_06","Umpire_12"
347,2020,"2020-04-16","Sharjah","Sharjah Cricket Stadium","Kolkata Knight Riders","Sunrisers Hyderabad","Sunrisers Hyderabad","bat","Sunrisers Hyderabad",156,191,6,"Umpire_05","Umpire_01"
348,2020,"2020-04-19","Dubai","Dubai International Stadium","Mumbai Indians","Chennai Super Kings","Chennai Super Kings","field","Mumbai Indians",155,145,2,"Umpire_06","Umpire_01"
349,2020,"2020-04-21","Abu Dhabi","Sheikh Zayed Stadium","Royal Challengers Bangalore","Kolkata Knight Riders","Royal Challengers Bangalore","bat","Kolkata Knight Riders",146,165,6,"Umpire_09","Umpire_12"
350,2020,"2020-04-24","Abu Dhabi","Sheikh Zayed Stadium","Sunrisers Hyderabad","Chennai Super Kings","Sunrisers Hyderabad","field","Sunrisers Hyderabad",191,161,6,"Umpire_11","Umpire_05"
351,2020,"2020-04-26","Sharjah","Sharjah Cricket Stadium","Chennai Super Kings","Sunrisers Hyderabad","Chennai Super Kings","field","Chennai Super Kings",150,137,4,"Umpire_03","Umpire_07"
352,2020,"2020-04-28","Sharjah","Sharjah Cricket Stadium","Rajasthan Royals","Punjab Kings","Punjab Kings","field","Punjab Kings",134,169,9,"Umpire_01","Umpire_06"
353,2020,"2020-05-01","Sharjah","Sharjah Cricket Stadium","Rajasthan Royals","Chennai Super Kings","Rajasthan Royals","field","Chennai Super Kings",179,215,7,"Umpire_02","Umpire_03"
354,2020,"2020-05-03","Sharjah","Sharjah Cricket Stadium","Punjab Kings","Royal Challengers Bangalore","Royal Challengers Bangalore","bat","Royal Challengers Bangalore",142,154,7,"Umpire_14","Umpire_03"
355,2020,"2020-05-05","Abu Dhabi","Sheikh Zayed Stadium","Kolkata Knight Riders","Rajasthan Royals","Kolkata Knight Riders","field","Kolkata Knight Riders",169,165,1,"Umpire_13","Umpire_07"
356,2020,"2020-05-08","Dubai","Dubai International Stadium","Rajasthan Royals","Punjab Kings","Rajasthan Royals","field","Punjab Kings",191,193,7,"Umpire_10","Umpire_13"
357,2020,"2020-05-10","Abu Dhabi","Sheikh Zayed Stadium","Kolkata Knight Riders","Rajasthan Royals","Rajasthan Royals","bat","Rajasthan Royals",169,197,5,"Umpire_08","Umpire_11"
358,2020,"2020-05-12","Sharjah","Sharjah Cricket Stadium","Kolkata Knight Riders","Royal Challengers Bangalore","Royal Challengers Bangalore","bat","Royal Challengers Bangalore",177,186,6,"Umpire_08","Umpire_02"
359,2020,"2020-05-15","Sharjah","Sharjah Cricket Stadium","Chennai Super Kings","Kolkata Knight Riders","Kolkata Knight Riders","field","Kolkata Knight Riders",142,188,8,"Umpire_15","Umpire_02"
360,2020,"2020-05-17","Dubai","Dubai International Stadium","Punjab Kings","Delhi Capitals","Punjab Kings","field","Delhi Capitals",130,171,7,"Umpire_09","Umpire_12"
361,2020,"2020-05-19","Abu Dhabi","Sheikh Zayed Stadium","Mumbai Indians","Kolkata Knight Riders","Kolkata Knight Riders","field","Kolkata Knight Riders",146,162,7,"Umpire_02","Umpire_05"
362,2020,"2020-05-22","Sharjah","Sharjah Cricket Stadium","Royal Challengers Bangalore","Sunrisers Hyderabad","Royal Challengers Bangalore","bat","Sunrisers Hyderabad",173,178,NA,"Umpire_12","Umpire_13"
363,2020,"2020-05-24","Abu Dhabi","Sheikh Zayed Stadium","Chennai Super Kings","Kolkata Knight Riders","Chennai Super Kings","bat","Chennai Super Kings",189,141,5,"Umpire_08","Umpire_06"
364,2020,"2020-05-27","Abu Dhabi","Sheikh Zayed Stadium","Punjab Kings","Royal Challengers Bangalore","Punjab Kings","bat","Royal Challengers Bangalore",166,202,7,"Umpire_09","Umpire_03"
365,2021,"2021-03-24","Mohali","PCA Stadium Mohali","Punjab Kings","Sunrisers Hyderabad","Sunrisers Hyderabad","field","Sunrisers Hyderabad",158,183,6,"Umpire_07","Umpire_03"
366,2021,"2021-03-26","Delhi","Arun Jaitley Stadium","Sunrisers Hyderabad","Delhi Capitals","Sunrisers Hyderabad","field","Sunrisers Hyderabad",202,162,4,"Umpire_15","Umpire_12"
367,2021,"2021-03-29","Kolkata","Eden Gardens","Chennai Super Kings","Kolkata Knight Riders","Kolkata Knight Riders","bat","Kolkata Knight Riders",170,195,5,"Umpire_07","Umpire_13"
368,2021,"2021-03-31","Bengaluru","M Chinnaswamy Stadium","Royal Challengers Bangalore","Rajasthan Royals","Royal Challengers Bangalore","field","Rajasthan Royals",144,158,8,"Umpire_08","Umpire_05"
369,2021,"2021-04-02","Chennai","MA Chidambaram Stadium","Mumbai Indians","Sunrisers Hyderabad","Sunrisers Hyderabad","bat","Sunrisers Hyderabad",165,252,6,"Umpire_11","Umpire_13"
370,2021,"2021-04-05","Mohali","PCA Stadium Mohali","Kolkata Knight Riders","Delhi Capitals","Delhi Capitals","bat","Delhi Capitals",125,163,5,"Umpire_10","Umpire_07"
371,2021,"2021-04-07","Delhi","Arun Jaitley Stadium","Delhi Capitals","Punjab Kings","Delhi Capitals","field","Punjab Kings",153,155,7,"Umpire_15","Umpire_15"
372,2021,"2021-04-09","Mohali","PCA Stadium Mohali","Chennai Super Kings","Punjab Kings","Punjab Kings","bat","Punjab Kings",132,182,7,"Umpire_05","Umpire_02"
373,2021,"2021-04-12","Delhi","Arun Jaitley Stadium","Delhi Capitals","Mumbai Indians","Delhi Capitals","field","Delhi Capitals",173,155,4,"Umpire_03","Umpire_01"
374,2021,"2021-04-14","Hyderabad","Rajiv Gandhi Stadium","Chennai Super Kings","Sunrisers Hyderabad","Sunrisers Hyderabad","bat","Sunrisers Hyderabad",174,177,3,"Umpire_11","Umpire_01"
375,2021,"2021-04-16","Bengaluru","M Chinnaswamy Stadium","Rajasthan Royals","Kolkata Knight Riders","Kolkata Knight Riders","field","Rajasthan Royals",132,123,4,"Umpire_14","Umpire_14"
376,2021,"2021-04-19","Mohali","PCA Stadium Mohali","Royal Challengers Bangalore","Punjab Kings","Punjab Kings","bat","Punjab Kings",173,180,8,"Umpire_10","Umpire_08"
377,2021,"2021-04-21","Bengaluru","M Chinnaswamy Stadium","Chennai Super Kings","Mumbai Indians","Mumbai Indians","bat","Mumbai Indians",157,214,6,"Umpire_02","Umpire_01"
378,2021,"2021-04-24",NA,"Wankhede Stadium","Mumbai Indians","Sunrisers Hyderabad","Sunrisers Hyderabad","field","Mumbai Indians",163,162,6,"Umpire_03","Umpire_01"
379,2021,"2021-04-26","Hyderabad","Rajiv Gandhi Stadium","Kolkata Knight Riders","Sunrisers Hyderabad","Kolkata Knight Riders","bat","Kolkata Knight Riders",158,157,4,"Umpire_05","Umpire_13"
380,2021,"2021-04-28","Dubai","Dubai International Stadium","Royal Challengers Bangalore","Mumbai Indians","Royal Challengers Bangalore","field","Mumbai Indians",194,201,6,"Umpire_15","Umpire_13"
381,2021,"2021-05-01","Bengaluru","M Chinnaswamy Stadium","Chennai Super Kings","Royal Challengers Bangalore","Chennai Super Kings","bat","Chennai Super Kings",182,157,4,"Umpire_08","Umpire_06"
382,2021,"2021-05-03","Kolkata","Eden Gardens","Kolkata Knight Riders","Royal Challengers Bangalore","Kolkata Knight Riders","bat","Kolkata Knight Riders",198,164,3,"Umpire_09","Umpire_10"
383,2021,"2021-05-05","Kolkata","Eden Gardens","Rajasthan Royals","Kolkata Knight Riders","Kolkata Knight Riders","field","Rajasthan Royals",161,153,4,"Umpire_09","Umpire_12"
384,2021,"2021-05-08","Chennai","MA Chidambaram Stadium","Chennai Super Kings","Mumbai Indians","Chennai Super Kings","field","Chennai Super Kings",170,148,1,"Umpire_03","Umpire_06"
385,2021,"2021-05-10","Dubai","Dubai International Stadium","Mumbai Indians","Sunrisers Hyderabad","Mumbai Indians","field","Mumbai Indians",188,162,2,"Umpire_12","Umpire_14"
386,2021,"2021-05-12","Bengaluru","M Chinnaswamy Stadium","Royal Challengers Bangalore","Mumbai Indians","Royal Challengers Bangalore","bat","Mumbai Indians",128,184,9,"Umpire_12","Umpire_15"
387,2021,"2021-05-15","Delhi","Arun Jaitley Stadium","Royal Challengers Bangalore","Delhi Capitals","Delhi Capitals","field","Delhi Capitals",148,204,7,"Umpire_08","Umpire_09"
388,2021,"2021-05-17","Delhi","Arun Jaitley Stadium","Kolkata Knight Riders","Rajasthan Royals","Kolkata Knight Riders","field","Rajasthan Royals",154,155,6,"Umpire_03","Umpire_01"
389,2021,"2021-05-19","Jaipur","Sawai Mansingh Stadium","Rajasthan Royals","Mumbai Indians","Rajasthan Royals","bat","Rajasthan Royals",161,151,5,"Umpire_08","Umpire_05"
390,2021,"2021-05-22","Bengaluru","M Chinnaswamy Stadium","Royal Challengers Bangalore","Sunrisers Hyderabad","Royal Challengers Bangalore","bat","Royal Challengers Bangalore",202,159,4,"Umpire_03","Umpire_07"
391,2021,"2021-05-24","Mumbai","Wankhede Stadium","Royal Challengers Bangalore","Mumbai Indians","Royal Challengers Bangalore","field","Royal Challengers Bangalore",153,139,3,"Umpire_08","Umpire_12"
392,2021,"2021-05-27","Hyderabad","Rajiv Gandhi Stadium","Kolkata Knight Riders","Sunrisers Hyderabad","Kolkata Knight Riders","bat","Sunrisers Hyderabad",176,187,5,"Umpire_11","Umpire_10"
393,2022,"2022-03-23","Mumbai","Wankhede Stadium","Chennai Super Kings","Delhi Capitals","Chennai Super Kings","bat","Delhi Capitals",171,172,9,"Umpire_11","Umpire_01"
394,2022,"2022-03-25","Hyderabad","Rajiv Gandhi Stadium","Lucknow Super Giants","Gujarat Titans","Gujarat Titans","field","Gujarat Titans",162,194,8,"Umpire_04","Umpire_12"
395,2022,"2022-03-27","Jaipur","Sawai Mansingh Stadium","Delhi Capitals","Rajasthan Royals","Delhi Capitals","field","Delhi Capitals",192,159,1,"Umpire_01","Umpire_15"
396,2022,"2022-03-29","Kolkata","Eden Gardens","Lucknow Super Giants","Kolkata Knight Riders","Lucknow Super Giants","field","Lucknow Super Giants",188,149,2,"Umpire_10","Umpire_06"
397,2022,"2022-03-31","Delhi","Arun Jaitley Stadium","Delhi Capitals","Punjab Kings","Punjab Kings","field","Punjab Kings",166,186,6,"Umpire_09","Umpire_03"
398,2022,"2022-04-02","Bengaluru","M Chinnaswamy Stadium","Royal Challengers Bangalore","Mumbai Indians","Royal Challengers Bangalore","field","Royal Challengers Bangalore",191,189,4,"Umpire_12","Umpire_14"
399,2022,"2022-04-03","Chennai","MA Chidambaram Stadium","Gujarat Titans","Chennai Super Kings","Chennai Super Kings","bat","Chennai Super Kings",167,182,5,"Umpire_05","Umpire_15"
400,2022,"2022-04-05","Hyderabad","Rajiv Gandhi Stadium","Sunrisers Hyderabad","Lucknow Super Giants","Lucknow Super Giants","field","Sunrisers Hyderabad",191,172,3,"Umpire_05","Umpire_12"
401,2022,"2022-04-07","Mumbai","Wankhede Stadium","Mumbai Indians","Rajasthan Royals","Mumbai Indians","bat","Rajasthan Royals",137,157,9,"Umpire_11","Umpire_01"
402,2022,"2022-04-09","Hyderabad","Rajiv Gandhi Stadium","Chennai Super Kings","Sunrisers Hyderabad","Sunrisers Hyderabad","field","Sunrisers Hyderabad",164,179,8,"Umpire_14","Umpire_06"
403,2022,"2022-04-11","Jaipur","Sawai Mansingh Stadium","Rajasthan Royals","Gujarat Titans","Rajasthan Royals","field","Gujarat Titans",161,183,6,"Umpire_10","Umpire_05"
404,2022,"2022-04-13","Mohali","PCA Stadium Mohali","Punjab Kings","Delhi Capitals","Punjab Kings","bat","Delhi Capitals",155,156,7,"Umpire_02","Umpire_09"
405,2022,"2022-04-14","Bengaluru","M Chinnaswamy Stadium","Chennai Super Kings","Royal Challengers Bangalore","Chennai Super Kings","bat","Chennai Super Kings",202,181,3,"Umpire_12","Umpire_09"
406,2022,"2022-04-16","Ahmedabad","Narendra Modi Stadium","Royal Challengers Bangalore","Gujarat Titans","Gujarat Titans","field","Royal Challengers Bangalore",224,155,4,"Umpire_03","Umpire_10"
407,2022,"2022-04-18","Hyderabad","Rajiv Gandhi Stadium","Sunrisers Hyderabad","Lucknow Super Giants","Lucknow Super Giants","bat","Lucknow Super Giants",149,185,6,"Umpire_10","Umpire_04"
408,2022,"2022-04-20","Mohali","PCA Stadium Mohali","Punjab Kings","Kolkata Knight Riders","Punjab Kings","field","Kolkata Knight Riders",133,162,5,"Umpire_05","Umpire_01"
409,2022,"2022-04-22","Jaipur","Sawai Mansingh Stadium","Rajasthan Royals","Royal Challengers Bangalore","Royal Challengers Bangalore","bat","Royal Challengers Bangalore",121,169,6,"Umpire_12","Umpire_14"
410,2022,"2022-04-24","Bengaluru","M Chinnaswamy Stadium","Sunrisers Hyderabad","Royal Challengers Bangalore","Sunrisers Hyderabad","bat","Royal Challengers Bangalore",169,200,7,"Umpire_07","Umpire_13"
411,2022,"2022-04-25","Delhi","Arun Jaitley Stadium","Mumbai Indians","Royal Challengers Bangalore","Mumbai Indians","field","Mumbai Indians",210,151,4,"Umpire_04","Umpire_03"
412,2022,"2022-04-27","Bengaluru","M Chinnaswamy Stadium","Sunrisers Hyderabad","Royal Challengers Bangalore","Royal Challengers Bangalore","field","Royal Challengers Bangalore",146,175,6,"Umpire_02","Umpire_10"
413,2022,"2022-04-29","Hyderabad","Rajiv Gandhi Stadium","Delhi Capitals","Sunrisers Hyderabad","Sunrisers Hyderabad","field","Sunrisers Hyderabad",134,151,6,"Umpire_12","Umpire_12"
414,2022,"2022-05-01","Mohali","PCA Stadium Mohali","Punjab Kings","Gujarat Titans","Gujarat Titans","field","Gujarat Titans",131,193,5,"Umpire_14","Umpire_04"
415,2022,"2022-05-03","Ahmedabad","Narendra Modi Stadium","Mumbai Indians","Gujarat Titans","Mumbai Indians","bat","Mumbai Indians",211,130,3,"Umpire_01","Umpire_04"
416,2022,"2022-05-05",NA,"M Chinnaswamy Stadium","Royal Challengers Bangalore","Punjab Kings","Punjab Kings","field","Punjab Kings",161,198,6,"Umpire_06","Umpire_01"
417,2022,"2022-05-06","Chennai","MA Chidambaram Stadium","Delhi Capitals","Chennai Super Kings","Chennai Super Kings","bat","Delhi Capitals",172,168,5,"Umpire_09","Umpire_14"
418,2022,"2022-05-08","Lucknow","Ekana Stadium","Lucknow Super Giants","Royal Challengers Bangalore","Royal Challengers Bangalore","field","Lucknow Super Giants",136,132,4,"Umpire_13","Umpire_08"
419,2022,"2022-05-10","Bengaluru","M Chinnaswamy Stadium","Royal Challengers Bangalore","Gujarat Titans","Royal Challengers Bangalore","field","Royal Challengers Bangalore",158,149,6,"Umpire_09","Umpire_06"
420,2022,"2022-05-12","Lucknow","Ekana Stadium","Lucknow Super Giants","Royal Challengers Bangalore","Royal Challengers Bangalore","bat","Royal Challengers Bangalore",160,206,4,"Umpire_06","Umpire_08"
421,2022,"2022-05-14","Ahmedabad","Narendra Modi Stadium","Gujarat Titans","Delhi Capitals","Gujarat Titans","field","Delhi Capitals",150,169,5,"Umpire_05","Umpire_15"
422,2022,"2022-05-16","Bengaluru","M Chinnaswamy Stadium","Royal Challengers Bangalore","Sunrisers Hyderabad","Royal Challengers Bangalore","bat","Royal Challengers Bangalore",168,140,4,"Umpire_15","Umpire_07"
423,2022,"2022-05-17","Bengaluru","M Chinnaswamy Stadium","Gujarat Titans","Chennai Super Kings","Gujarat Titans","bat","Gujarat Titans",200,164,3,"Umpire_10","Umpire_09"
424,2022,"2022-05-19","Lucknow","Ekana Stadium","Rajasthan Royals","Lucknow Super Giants","Rajasthan Royals","bat","Rajasthan Royals",184,176,4,"Umpire_01","Umpire_01"
425,2022,"2022-05-21","Hyderabad","Rajiv Gandhi Stadium","Sunrisers Hyderabad","Delhi Capitals","Sunrisers Hyderabad","bat","Delhi Capitals",149,150,5,"Umpire_02","Umpire_14"
426,2022,"2022-05-23","Dubai","Dubai International Stadium","Punjab Kings","Royal Challengers Bangalore","Punjab Kings","field","Royal Challengers Bangalore",146,178,3,"Umpire_07","Umpire_01"
427,2022,"2022-05-25","Delhi","Arun Jaitley Stadium","Gujarat Titans","Delhi Capitals","Delhi Capitals","field","Delhi Capitals",145,187,8,"Umpire_04","Umpire_03"
428,2022,"2022-05-27",NA,"Ekana Stadium","Lucknow Super Giants","Punjab Kings","Lucknow Super Giants","field","Punjab Kings",173,174,4,"Umpire_04","Umpire_03"
429,2023,"2023-03-23","Kolkata","Eden Gardens","Delhi Capitals","Punjab Kings","Delhi Capitals","bat","Delhi Capitals",184,146,4,"Umpire_12","Umpire_11"
430,2023,"2023-03-25","Mohali","PCA Stadium Mohali","Delhi Capitals","Mumbai Indians","Mumbai Indians","bat","Mumbai Indians",173,226,6,"Umpire_11","Umpire_05"
431,2023,"2023-03-27","Delhi","Arun Jaitley Stadium","Delhi Capitals","Royal Challengers Bangalore","Royal Challengers Bangalore","field","Delhi Capitals",188,114,3,"Umpire_09","Umpire_03"
432,2023,"2023-03-29","Kolkata","Eden Gardens","Royal Challengers Bangalore","Chennai Super Kings","Chennai Super Kings","bat","Chennai Super Kings",169,229,9,"Umpire_07","Umpire_03"
433,2023,"2023-03-31","Delhi","Arun Jaitley Stadium","Delhi Capitals","Kolkata Knight Riders","Kolkata Knight Riders","field","Kolkata Knight Riders",164,215,7,"Umpire_10","Umpire_03"
434,2023,"2023-04-02","Lucknow","Ekana Stadium","Lucknow Super Giants","Sunrisers Hyderabad","Lucknow Super Giants","field","Sunrisers Hyderabad",169,187,9,"Umpire_09","Umpire_02"
435,2023,"2023-04-03","Jaipur","Sawai Mansingh Stadium","Rajasthan Royals","Mumbai Indians","Mumbai Indians","bat","Rajasthan Royals",195,155,3,"Umpire_03",NA
436,2023,"2023-04-05","Mumbai","Wankhede Stadium","Punjab Kings","Mumbai Indians","Mumbai Indians","field","Mumbai Indians",174,177,7,"Umpire_09","Umpire_14"
437,2023,"2023-04-07","Delhi","Arun Jaitley Stadium","Delhi Capitals","Sunrisers Hyderabad","Delhi Capitals","field","Sunrisers Hyderabad",139,173,4,"Umpire_14","Umpire_11"
438,2023,"2023-04-09","Kolkata","Eden Gardens","Royal Challengers Bangalore","Lucknow Super Giants","Royal Challengers Bangalore","field","Royal Challengers Bangalore",180,176,3,"Umpire_02","Umpire_13"
439,2023,"2023-04-11","Mohali","PCA Stadium Mohali","Gujarat Titans","Punjab Kings","Gujarat Titans","field","Gujarat Titans",156,153,4,"Umpire_15","Umpire_03"
440,2023,"2023-04-13","Chennai","MA Chidambaram Stadium","Sunrisers Hyderabad","Chennai Super Kings","Chennai Super Kings","field","Chennai Super Kings",161,164,9,"Umpire_06","Umpire_06"
441,2023,"2023-04-14","Dubai","Dubai International Stadium","Rajasthan Royals","Lucknow Super Giants","Lucknow Super Giants","field","Lucknow Super Giants",174,195,7,"Umpire_04","Umpire_10"
442,2023,"2023-04-16","Kolkata","Eden Gardens","Lucknow Super Giants","Kolkata Knight Riders","Lucknow Super Giants","bat","Lucknow Super Giants",198,159,3,"Umpire_06","Umpire_06"
443,2023,"2023-04-18","Ahmedabad","Narendra Modi Stadium","Gujarat Titans","Sunrisers Hyderabad","Sunrisers Hyderabad","bat","Sunrisers Hyderabad",169,171,9,"Umpire_06","Umpire_08"
444,2023,"2023-04-20","Delhi","Arun Jaitley Stadium","Rajasthan Royals","Delhi Capitals","Rajasthan Royals","field","Rajasthan Royals",207,153,3,"Umpire_04","Umpire_10"
445,2023,"2023-04-22","Mumbai","Wankhede Stadium","Mumbai Indians","Royal Challengers Bangalore","Mumbai Indians","bat","Royal Challengers Bangalore",176,194,3,"Umpire_10","Umpire_08"
446,2023,"2023-04-24","Bengaluru","M Chinnaswamy Stadium","Royal Challengers Bangalore","Punjab Kings","Royal Challengers Bangalore","field","Royal Challengers Bangalore",171,150,4,"Umpire_09","Umpire_10"
447,2023,"2023-04-25","Mumbai","Wankhede Stadium","Chennai Super Kings","Mumbai Indians","Mumbai Indians","bat","Chennai Super Kings",177,153,6,"Umpire_04","Umpire_13"
448,2023,"2023-04-27","Chennai","MA Chidambaram Stadium","Chennai Super Kings","Rajasthan Royals","Rajasthan Royals","bat","Rajasthan Royals",117,145,5,"Umpire_14","Umpire_09"
449,2023,"2023-04-29","Chennai","MA Chidambaram Stadium","Royal Challengers Bangalore","Kolkata Knight Riders","Kolkata Knight Riders","bat","Kolkata Knight Riders",147,179,7,"Umpire_06","Umpire_12"
450,2023,"2023-05-01","Mohali","PCA Stadium Mohali","Lucknow Super Giants","Kolkata Knight Riders","Kolkata Knight Riders","field","Kolkata Knight Riders",153,162,7,"Umpire_09","Umpire_04"
451,2023,"2023-05-03","Bengaluru","M Chinnaswamy Stadium","Royal Challengers Bangalore","Gujarat Titans","Gujarat Titans","field","Royal Challengers Bangalore",206,151,2,"Umpire_04","Umpire_15"
452,2023,"2023-05-05","Bengaluru","M Chinnaswamy Stadium","Royal Challengers Bangalore","Lucknow Super Giants","Royal Challengers Bangalore","field","Royal Challengers Bangalore",149,137,2,"Umpire_01","Umpire_06"
453,2023,"2023-05-06","Chennai","MA Chidambaram Stadium","Chennai Super Kings","Punjab Kings","Punjab Kings","bat","Punjab Kings",143,196,6,"Umpire_11","Umpire_13"
454,2023,"2023-05-08","Bengaluru","M Chinnaswamy Stadium","Chennai Super Kings","Lucknow Super Giants","Lucknow Super Giants","field","Chennai Super Kings",165,133,7,"Umpire_03","Umpire_06"
455,2023,"2023-05-10","Chennai","MA Chidambaram Stadium","Rajasthan Royals","Chennai Super Kings","Chennai Super Kings","field","Chennai Super Kings",97,154,6,"Umpire_14","Umpire_04"
456,2023,"2023-05-12","Bengaluru","M Chinnaswamy Stadium","Chennai Super Kings","Kolkata Knight Riders","Chennai Super Kings","field","Chennai Super Kings",156,145,1,"Umpire_10","Umpire_10"
457,2023,"2023-05-14","Delhi","Arun Jaitley Stadium","Delhi Capitals","Mumbai Indians","Mumbai Indians","field","Delhi Capitals",159,140,5,"Umpire_02","Umpire_13"
458,2023,"2023-05-16","Chennai","MA Chidambaram Stadium","Mumbai Indians","Chennai Super Kings","Chennai Super Kings","field","Chennai Super Kings",138,170,6,"Umpire_15","Umpire_01"
459,2023,"2023-05-17","Mumbai","Wankhede Stadium","Sunrisers Hyderabad","Mumbai Indians","Sunrisers Hyderabad","field","Mumbai Indians",184,192,7,"Umpire_01","Umpire_09"
460,2023,"2023-05-19","Bengaluru","M Chinnaswamy Stadium","Rajasthan Royals","Mumbai Indians","Mumbai Indians","field","Mumbai Indians",146,152,7,"Umpire_05","Umpire_04"
461,2023,"2023-05-21","Hyderabad","Rajiv Gandhi Stadium","Delhi Capitals","Sunrisers Hyderabad","Delhi Capitals","field","Delhi Capitals",168,149,5,"Umpire_05","Umpire_13"
462,2023,"2023-05-23","Delhi","Arun Jaitley Stadium","Delhi Capitals","Rajasthan Royals","Delhi Capitals","field","Delhi Capitals",197,184,4,"Umpire_03","Umpire_03"
463,2023,"2023-05-25",NA,"Sawai Mansingh Stadium","Rajasthan Royals","Mumbai Indians","Rajasthan Royals","field","Rajasthan Royals",162,123,5,"Umpire_12","Umpire_12"
464,2023,"2023-05-27","Kolkata","Eden Gardens","Lucknow Super Giants","Rajasthan Royals","Rajasthan Royals","bat","Lucknow Super Giants",176,164,2,"Umpire_15","Umpire_12"
465,2024,"2024-03-23","Chennai","MA Chidambaram Stadium","Chennai Super Kings","Punjab Kings","Punjab Kings","field","Chennai Super Kings",207,150,2,"Umpire_12","Umpire_15"
466,2024,"2024-03-25","Lucknow","Ekana Stadium","Chennai Super Kings","Lucknow Super Giants","Lucknow Super Giants","field","Lucknow Super Giants",188,217,5,"Umpire_07","Umpire_12"
467,2024,"2024-03-27","Lucknow","Ekana Stadium","Lucknow Super Giants","Sunrisers Hyderabad","Lucknow Super Giants","bat","Sunrisers Hyderabad",138,194,6,"Umpire_13","Umpire_01"
468,2024,"2024-03-29","Chennai","MA Chidambaram Stadium","Lucknow Super Giants","Chennai Super Kings","Lucknow Super Giants","bat","Lucknow Super Giants",194,172,4,"Umpire_13","Umpire_13"
469,2024,"2024-03-31","Jaipur","Sawai Mansingh Stadium","Mumbai Indians","Rajasthan Royals","Rajasthan Royals","bat","Mumbai Indians",175,174,1,"Umpire_11","Umpire_07"
470,2024,"2024-04-02","Jaipur","Sawai Mansingh Stadium","Delhi Capitals","Lucknow Super Giants","Lucknow Super Giants","bat","Delhi Capitals",190,128,3,"Umpire_07","Umpire_04"
471,2024,"2024-04-03","Ahmedabad","Narendra Modi Stadium","Gujarat Titans","Punjab Kings","Punjab Kings","field","Punjab Kings",173,195,6,"Umpire_01","Umpire_01"
472,2024,"2024-04-05","Lucknow","Ekana Stadium","Rajasthan Royals","Royal Challengers Bangalore","Rajasthan Royals","field","Royal Challengers Bangalore",164,185,6,"Umpire_03","Umpire_05"
473,2024,"2024-04-07","Chennai","MA Chidambaram Stadium","Royal Challengers Bangalore","Chennai Super Kings","Chennai Super Kings","bat","Chennai Super Kings",173,176,8,"Umpire_05","Umpire_12"
474,2024,"2024-04-09","Ahmedabad","Narendra Modi Stadium","Chennai Super Kings","Gujarat Titans","Gujarat Titans","field","Gujarat Titans",150,180,6,"Umpire_10","Umpire_08"
475,2024,"2024-04-11","Chennai","MA Chidambaram Stadium","Chennai Super Kings","Sunrisers Hyderabad","Sunrisers Hyderabad","field","Chennai Super Kings",168,150,4,"Umpire_04","Umpire_12"
476,2024,"2024-04-13","Ahmedabad","Narendra Modi Stadium","Royal Challengers Bangalore","Gujarat Titans","Gujarat Titans","field","Royal Challengers Bangalore",179,136,3,"Umpire_10","Umpire_14"
477,2024,"2024-04-14","Hyderabad","Rajiv Gandhi Stadium","Sunrisers Hyderabad","Mumbai Indians","Sunrisers Hyderabad","field","Mumbai Indians",151,176,9,"Umpire_02","Umpire_12"
478,2024,"2024-04-16","Bengaluru","M Chinnaswamy Stadium","Punjab Kings","Royal Challengers Bangalore","Punjab Kings","field","Royal Challengers Bangalore",179,188,5,"Umpire_04","Umpire_12"
479,2024,"2024-04-18","Hyderabad","Rajiv Gandhi Stadium","Lucknow Super Giants","Chennai Super Kings","Chennai Super Kings","field","Chennai Super Kings",147,208,6,"Umpire_10","Umpire_05"
480,2024,"2024-04-20","Mohali","PCA Stadium Mohali","Delhi Capitals","Punjab Kings","Punjab Kings","field","Punjab Kings",170,182,9,"Umpire_06","Umpire_08"
481,2024,"2024-04-22","Kolkata","Eden Gardens","Kolkata Knight Riders","Mumbai Indians","Kolkata Knight Riders","bat","Mumbai Indians",200,217,6,"Umpire_02","Umpire_12"
482,2024,"2024-04-24",NA,"PCA Stadium Mohali","Delhi Capitals","Royal Challengers Bangalore","Delhi Capitals","field","Delhi Capitals",199,186,NA,"Umpire_10","Umpire_05"
483,2024,"2024-04-25","Mohali","PCA Stadium Mohali","Punjab Kings","Lucknow Super Giants","Punjab Kings","field","Punjab Kings",174,162,5,"Umpire_06","Umpire_11"
484,2024,"2024-04-27","Jaipur","Sawai Mansingh Stadium","Royal Challengers Bangalore","Rajasthan Royals","Rajasthan Royals","bat","Rajasthan Royals",141,195,6,"Umpire_05","Umpire_07"
485,2024,"2024-04-29","Chennai","MA Chidambaram Stadium","Kolkata Knight Riders","Chennai Super Kings","Kolkata Knight Riders","field","Kolkata Knight Riders",210,126,3,"Umpire_12","Umpire_02"
486,2024,"2024-05-01","Delhi","Arun Jaitley Stadium","Chennai Super Kings","Delhi Capitals","Chennai Super Kings","field","Chennai Super Kings",183,158,2,"Umpire_06","Umpire_07"
487,2024,"2024-05-03","Delhi","Arun Jaitley Stadium","Delhi Capitals","Sunrisers Hyderabad","Delhi Capitals","bat","Delhi Capitals",137,110,3,"Umpire_10","Umpire_07"
488,2024,"2024-05-05","Mumbai","Wankhede Stadium","Mumbai Indians","Delhi Capitals","Delhi Capitals","field","Delhi Capitals",148,171,6,"Umpire_06","Umpire_01"
489,2024,"2024-05-06","Ahmedabad","Narendra Modi Stadium","Sunrisers Hyderabad","Chennai Super Kings","Sunrisers Hyderabad","field","Sunrisers Hyderabad",175,158,2,"Umpire_13","Umpire_02"
490,2024,"2024-05-08","Mumbai","Wankhede Stadium","Mumbai Indians","Gujarat Titans","Mumbai Indians","bat","Mumbai Indians",176,149,4,"Umpire_13","Umpire_09"
491,2024,"2024-05-10","Mumbai","Wankhede Stadium","Rajasthan Royals","Mumbai Indians","Mumbai Indians","bat","Rajasthan Royals",200,174,5,"Umpire_12","Umpire_01"
492,2024,"2024-05-12","Mohali","PCA Stadium Mohali","Punjab Kings","Royal Challengers Bangalore","Punjab Kings","field","Punjab Kings",219,205,3,"Umpire_01","Umpire_10"
493,2024,"2024-05-14","Hyderabad","Rajiv Gandhi Stadium","Gujarat Titans","Sunrisers Hyderabad","Sunrisers Hyderabad","field","Sunrisers Hyderabad",134,182,7,"Umpire_15","Umpire_12"
494,2024,"2024-05-16","Lucknow","Ekana Stadium","Lucknow Super Giants","Punjab Kings","Punjab Kings","field","Lucknow Super Giants",218,160,1,"Umpire_12","Umpire_06"
495,2024,"2024-05-17","Jaipur","Sawai Mansingh Stadium","Rajasthan Royals","Royal Challengers Bangalore","Royal Challengers Bangalore","field","Royal Challengers Bangalore",151,170,5,"Umpire_09","Umpire_13"
496,2024,"2024-05-19","Lucknow","Ekana Stadium","Punjab Kings","Lucknow Super Giants","Lucknow Super Giants","field","Punjab Kings",186,164,4,"Umpire_08","Umpire_11"
497,2024,"2024-05-21","Mumbai","Wankhede Stadium","Delhi Capitals","Punjab Kings","Delhi Capitals","bat","Punjab Kings",174,199,5,"Umpire_02","Umpire_10"
498,2024,"2024-05-23","Kolkata","Eden Gardens","Kolkata Knight Riders","Royal Challengers Bangalore","Kolkata Knight Riders","field","Kolkata Knight Riders",202,151,4,"Umpire_07","Umpire_01"
499,2024,"2024-05-25","Mumbai","Wankhede Stadium","Mumbai Indians","Delhi Capitals","Mumbai Indians","field","Delhi Capitals",146,149,8,"Umpire_01","Umpire_05"
500,2024,"2024-05-27","Kolkata","Eden Gardens","Delhi Capitals","Kolkata Knight Riders","Kolkata Knight Riders","bat","Delhi Capitals",170,165,4,"Umpire_01",NA
